J,R,E,M,E_Num,algo,n_subtypes,mallows_temperature,kendalls_w,runtime,kendalls_tau,subtype_acc,mean_stage_healthy,runtime_cross_validation,absolute_error_n_subtypes,relative_error,correct_bool
726,0.21,sn_kjContinuousBeta_sigmoid,0,5,BebmS,3,0.43011930327855047,0.9853051971863853,70.31431208451589,0.4117845117845118,0.0,0.07947019867549669,,,100,100
726,0.21,sn_kjContinuousBeta_sigmoid,1,5,BebmS,3,0.48441897318259025,0.9917485081841517,72.87609451214472,0.3708417508417508,0.0,0.013245033112582781,,,100,100
726,0.21,sn_kjContinuousBeta_sigmoid,2,5,BebmS,3,0.2608478278059047,0.9656792345901257,71.06328334410985,0.37589225589225594,0.0,0.019867549668874173,,,100,100
726,0.21,sn_kjContinuousBeta_sigmoid,3,5,BebmS,3,0.08781664217683027,0.8077194386105278,72.38974534273147,0.4142760942760943,0.0,0.0,,,100,100
726,0.21,sn_kjContinuousBeta_sigmoid,4,5,BebmS,3,0.47783744798175615,0.9916071607160716,76.8326595067978,0.37919191919191925,0.0,0.026490066225165563,,,100,100
726,0.21,sn_kjContinuousBeta_sigmoid,5,5,BebmS,3,0.38024887492365284,0.9837637097043037,69.22536936601003,0.43124579124579127,-0.024980921067589666,0.013245033112582781,,,100,100
726,0.21,sn_kjContinuousBeta_sigmoid,6,5,BebmS,3,0.28669080092675725,0.9786271960529386,91.18206470410028,0.3811447811447812,0.0,0.08,,,100,100
726,0.21,sn_kjContinuousBeta_sigmoid,7,5,BebmS,3,0.37320363466923734,0.984907824115745,89.58747909069061,0.4361616161616162,0.0,0.006622516556291391,,,100,100
726,0.21,sn_kjContinuousBeta_sigmoid,8,5,BebmS,3,0.3604853108722972,0.9815821582158216,91.06791195869445,0.4121885521885522,-0.0016746858353783823,0.013245033112582781,,,100,100
726,0.21,sn_kjContinuousBeta_sigmoid,9,5,BebmS,3,0.23108159522861166,0.960934760142681,75.26627006928126,0.37535353535353533,0.0,0.039735099337748346,,,100,100
726,0.21,sn_kjContinuousBeta_sigmoid,10,5,BebmS,3,0.22085878699876824,0.9567903457012368,81.44693622986476,0.396026936026936,0.0,0.033112582781456956,,,100,100
726,0.21,sn_kjContinuousBeta_sigmoid,11,5,BebmS,3,0.0890546939541131,0.7896056272293897,71.58365468978882,0.42101010101010106,-0.0009053727139292612,0.006622516556291391,,,100,100
726,0.21,sn_kjContinuousBeta_sigmoid,12,5,BebmS,3,0.31948225913801365,0.9737013701370137,86.7894115169843,0.42646464646464644,0.0,0.026490066225165563,,,100,100
726,0.21,sn_kjContinuousBeta_sigmoid,13,5,BebmS,3,0.30185515101020843,0.9760456045604561,71.86052876313528,0.3811447811447812,0.0,0.0,,,100,100
726,0.21,sn_kjContinuousBeta_sigmoid,14,5,BebmS,3,0.4583839513663318,0.9894736140280694,85.60210853815079,0.39952861952861946,0.0,0.03289473684210526,,,100,100
726,0.21,sn_kjContinuousBeta_sigmoid,15,5,BebmS,3,0.23508309510877207,0.9624069073574024,69.94480098485947,0.4146127946127946,0.0,0.06,,,100,100
726,0.21,sn_kjContinuousBeta_sigmoid,16,5,BebmS,3,0.20843132116668586,0.9603960396039604,72.60436058044434,0.39609427609427605,0.0,0.026490066225165563,,,100,100
726,0.21,sn_kjContinuousBeta_sigmoid,17,5,BebmS,3,0.25408515346056654,0.9724212421242124,76.65989271402358,0.4113804713804714,0.0,0.152317880794702,,,100,100
726,0.21,sn_kjContinuousBeta_sigmoid,18,5,BebmS,3,0.334056351403143,0.9804353768710204,74.93332223892212,0.3896969696969697,0.0,0.0,,,100,100
726,0.21,sn_kjContinuousBeta_sigmoid,19,5,BebmS,3,0.21447303663495745,0.953064639797313,69.54981957674026,0.4004713804713805,0.0,0.1,,,100,100
726,0.21,sn_kjContinuousBeta_sigmoid,20,5,BebmS,3,0.31466447627980565,0.978016468313498,69.86787046194077,0.3824242424242424,0.0,0.08,,,100,100
726,0.21,sn_kjContinuousBeta_sigmoid,21,5,BebmS,3,0.45613915691993484,0.9915538220488715,73.20974748134613,0.3952188552188553,-0.0006068248885096448,0.11920529801324503,,,100,100
726,0.21,sn_kjContinuousBeta_sigmoid,22,5,BebmS,3,0.46779426279698755,0.9898736540320698,76.98692599534988,0.4322558922558923,0.007865055942331488,0.0,,,100,100
726,0.21,sn_kjContinuousBeta_sigmoid,23,5,BebmS,3,0.42812763743760696,0.9874094076074275,79.72622736295064,0.38727272727272727,0.0,0.09868421052631579,,,100,100
726,0.21,sn_kjContinuousBeta_sigmoid,24,5,BebmS,3,0.32921198157794224,0.9825342534253425,69.72498335838318,0.3750841750841751,0.0,0.013245033112582781,,,100,100
726,0.21,sn_kjContinuousBeta_sigmoid,25,5,BebmS,3,0.22184078560620724,0.9593852718605194,85.83138945500056,0.3560942760942761,-0.0035672211579577473,0.0,,,100,100
726,0.21,sn_kjContinuousBeta_sigmoid,26,5,BebmS,3,0.27051029771471574,0.9735760242690936,82.32993837594987,0.41535353535353536,-0.012052616234716568,0.0,,,100,100
726,0.21,sn_kjContinuousBeta_sigmoid,27,5,BebmS,3,0.2397384404460603,0.9642284228422843,76.00488749345143,0.40094276094276093,0.0011866727584555429,0.059602649006622516,,,100,100
726,0.21,sn_kjContinuousBeta_sigmoid,28,5,BebmS,3,0.09464891969406262,0.7659099243257659,86.25869451363882,0.3302356902356902,0.1357145013167923,0.05333333333333334,,,100,100
726,0.21,sn_kjContinuousBeta_sigmoid,29,5,BebmS,3,0.3786603710592428,0.9851051771843851,74.14148712158203,0.3841077441077441,0.0,0.0,,,100,100
726,0.21,sn_kjContinuousBeta_sigmoid,30,5,BebmS,3,0.23630802987854133,0.9727946127946128,75.17632567882538,0.3624915824915825,0.0,0.0,,,100,100
726,0.21,sn_kjContinuousBeta_sigmoid,31,5,BebmS,3,0.07381554996038604,0.7344187752108544,92.76938194831213,0.36505050505050507,0.22496877377612734,0.0,,,100,100
726,0.21,sn_kjContinuousBeta_sigmoid,32,5,BebmS,3,0.33317818750711947,0.9818621862186219,70.73282492558161,0.3964983164983165,0.0,0.16666666666666666,,,100,100
726,0.21,sn_kjContinuousBeta_sigmoid,33,5,BebmS,3,0.07341638178087055,0.722932293229323,234.8083803375562,0.36592592592592593,0.6099009092773671,0.0,,,100,100
726,0.21,sn_kjContinuousBeta_sigmoid,34,5,BebmS,3,0.4220933082287089,0.9871907190719071,69.16924250920614,0.4130639730639731,0.0,0.006622516556291391,,,100,100
726,0.21,sn_kjContinuousBeta_sigmoid,35,5,BebmS,3,0.03832040495960953,0.493007967463413,80.49711644252142,0.3377777777777778,0.5328585303536897,0.18666666666666668,,,100,100
726,0.21,sn_kjContinuousBeta_sigmoid,36,5,BebmS,3,0.2985227609167566,0.9764483114978164,74.44252251784006,0.4094949494949495,-0.008482256278425955,0.019867549668874173,,,100,100
726,0.21,sn_kjContinuousBeta_sigmoid,37,5,BebmS,3,0.4785468640015671,0.9898683201653499,69.2570812900861,0.46154882154882154,0.0,0.2119205298013245,,,100,100
726,0.21,sn_kjContinuousBeta_sigmoid,38,5,BebmS,3,0.23775729469959106,0.9574010734406774,77.17248332897822,0.395959595959596,0.0,0.019867549668874173,,,100,100
726,0.21,sn_kjContinuousBeta_sigmoid,39,5,BebmS,3,0.32866121980044977,0.9809047571423809,74.68463518222173,0.4035690235690235,0.03239907095805525,0.03333333333333333,,,100,100
726,0.21,sn_kjContinuousBeta_sigmoid,40,5,BebmS,3,0.052720090005527194,0.6588245491215788,77.20438806215923,0.3354882154882155,0.40488888674976364,0.059602649006622516,,,100,100
726,0.21,sn_kjContinuousBeta_sigmoid,41,5,BebmS,3,0.33834202528939805,0.9817928459512618,78.30562009016673,0.38747474747474747,0.01550700743857597,0.02666666666666667,,,100,100
726,0.21,sn_kjContinuousBeta_sigmoid,42,5,BebmS,3,0.44378284871109086,0.9916845017835116,69.04516504605611,0.39797979797979793,0.0,0.006622516556291391,,,100,100
726,0.21,sn_kjContinuousBeta_sigmoid,43,5,BebmS,3,0.014457228034639433,0.42583858385838586,69.55488224824269,0.2047138047138047,0.9752038276060665,0.0,,,100,100
726,0.21,sn_kjContinuousBeta_sigmoid,44,5,BebmS,3,0.22181504816644593,0.9536246958029136,73.99392222563425,0.435016835016835,0.0,0.0,,,100,100
726,0.21,sn_kjContinuousBeta_sigmoid,45,5,BebmS,3,0.3627777780321398,0.9791712504583792,80.57394137779872,0.3940740740740741,0.0,0.18,,,100,100
726,0.21,sn_kjContinuousBeta_sigmoid,46,5,BebmS,3,0.02361477352134418,0.4248998233156649,73.87877104679744,0.2548821548821549,0.7809274140852497,0.019867549668874173,,,100,100
726,0.21,sn_kjContinuousBeta_sigmoid,47,5,BebmS,3,0.3560570396944076,0.9831956528986232,98.8551428159078,0.4136700336700337,0.0008615275664870439,0.08,,,100,100
726,0.21,sn_kjContinuousBeta_sigmoid,48,5,BebmS,3,0.17480801511462216,0.922976297629763,82.33769091367722,0.4068013468013468,0.0,0.013333333333333334,,,100,100
726,0.21,sn_kjContinuousBeta_sigmoid,49,5,BebmS,3,0.05665362088111554,0.6045204520452045,110.6901119629542,0.31191919191919193,0.5960001421602397,0.039735099337748346,,,100,100
726,0.21,sn_kjContinuousBeta_xnjNonNormal,0,7,BebmS,3,0.19214474631840547,0.9518378504517119,109.3400517741839,0.39663299663299667,0.0,0.0,,,100,100
726,0.21,sn_kjContinuousBeta_xnjNonNormal,1,7,BebmS,3,0.20362039816725078,0.9621775510884422,75.25909223159154,0.4198653198653199,-0.00023726340762142122,0.0728476821192053,,,100,100
726,0.21,sn_kjContinuousBeta_xnjNonNormal,2,7,BebmS,3,0.22825651893588594,0.9601746841350802,70.42532046238581,0.4008080808080808,-0.0016515947719858944,0.16556291390728478,,,100,100
726,0.21,sn_kjContinuousBeta_xnjNonNormal,3,7,BebmS,3,0.0583148052362823,0.6535360202686935,71.74650636514028,0.3569023569023569,0.5650804296997015,0.06666666666666667,,,100,100
726,0.21,sn_kjContinuousBeta_xnjNonNormal,4,7,BebmS,3,0.08873540285879002,0.7707664099743308,80.28918057282766,0.3967676767676768,0.0028714112429229425,0.019867549668874173,,,100,100
726,0.21,sn_kjContinuousBeta_xnjNonNormal,5,7,BebmS,3,0.3063283949555105,0.9788725539220589,69.57994425296783,0.3738047138047138,0.0003930354485872798,0.0,,,100,100
726,0.21,sn_kjContinuousBeta_xnjNonNormal,6,7,BebmS,3,0.17325763163836042,0.9313958062472913,90.04401000340779,0.41279461279461277,0.0,0.11920529801324503,,,100,100
726,0.21,sn_kjContinuousBeta_xnjNonNormal,7,7,BebmS,3,0.07269089231452404,0.7295889588958896,76.38955563306808,0.30794612794612797,0.48867701094936566,0.14666666666666667,,,100,100
726,0.21,sn_kjContinuousBeta_xnjNonNormal,8,7,BebmS,3,0.10576816261115546,0.8587458745874588,71.79856693347296,0.41030303030303034,0.2867621298668975,0.31788079470198677,,,100,100
726,0.21,sn_kjContinuousBeta_xnjNonNormal,9,7,BebmS,3,0.11655517269235262,0.8759049238257159,70.78438009023667,0.38552188552188554,0.07781378705115397,0.1986754966887417,,,100,100
726,0.21,sn_kjContinuousBeta_xnjNonNormal,10,7,BebmS,3,0.05707078026099322,0.641996199619962,76.56818307240805,0.3558922558922559,0.19035907246639971,0.0728476821192053,,,100,100
726,0.21,sn_kjContinuousBeta_xnjNonNormal,11,7,BebmS,3,0.39983507358442555,0.9860919425275861,78.52728292942047,0.3784511784511784,0.0018471873368557119,0.052980132450331126,,,100,100
726,0.21,sn_kjContinuousBeta_xnjNonNormal,12,7,BebmS,3,0.39750126178302675,0.9876147614761476,68.93754696051279,0.38188552188552194,-0.0002651436068753918,0.03333333333333333,,,100,100
726,0.21,sn_kjContinuousBeta_xnjNonNormal,13,7,BebmS,3,0.45660113229041294,0.9887055372203887,73.61680478254954,0.3942760942760943,-0.0005791028418650227,0.0,,,100,100
726,0.21,sn_kjContinuousBeta_xnjNonNormal,14,7,BebmS,3,0.40201574667265116,0.9891295796246291,69.3230449795723,0.3917845117845118,0.0,0.0,,,100,100
726,0.21,sn_kjContinuousBeta_xnjNonNormal,15,7,BebmS,3,0.4380233046063965,0.9888522185551889,72.9886660337448,0.4173737373737374,0.0004949007885757592,0.4370860927152318,,,100,100
726,0.21,sn_kjContinuousBeta_xnjNonNormal,16,7,BebmS,3,0.1745735734580064,0.9464133079974664,93.66118910312653,0.4177777777777778,0.0008800903441776986,0.1390728476821192,,,100,100
726,0.21,sn_kjContinuousBeta_xnjNonNormal,17,7,BebmS,3,0.043372536176736046,0.5251578491182451,89.75211029450098,0.3395959595959596,0.5862862892033637,1.033112582781457,,,100,100
726,0.21,sn_kjContinuousBeta_xnjNonNormal,18,7,BebmS,3,0.12894390372306944,0.898987232056539,76.96695170005162,0.4347474747474747,0.00015649659360999092,0.059602649006622516,,,100,100
726,0.21,sn_kjContinuousBeta_xnjNonNormal,19,7,BebmS,3,0.33606457693553676,0.9785631896522986,69.48841600815454,0.352053872053872,-0.0020857893062306903,0.006622516556291391,,,100,100
726,0.21,sn_kjContinuousBeta_xnjNonNormal,20,7,BebmS,3,0.019382215362749394,0.4025722572257226,69.18274736007055,0.3434343434343435,0.3152875474592073,0.06622516556291391,,,100,100
726,0.21,sn_kjContinuousBeta_xnjNonNormal,21,7,BebmS,3,0.2465729082068566,0.968028802880288,71.89007323582968,0.3729292929292929,0.01315823740100505,0.0,,,100,100
726,0.21,sn_kjContinuousBeta_xnjNonNormal,22,7,BebmS,3,0.15152346938371197,0.9124019068573525,73.78066436449687,0.4522558922558922,0.012239168822636195,0.5827814569536424,,,100,100
726,0.21,sn_kjContinuousBeta_xnjNonNormal,23,7,BebmS,3,0.38963429466074334,0.9893269326932693,76.53282157182693,0.3814141414141414,0.0,0.0,,,100,100
726,0.21,sn_kjContinuousBeta_xnjNonNormal,24,7,BebmS,3,0.17483758810087108,0.9337880454712137,70.11381573677063,0.3824242424242424,0.0,0.1,,,100,100
726,0.21,sn_kjContinuousBeta_xnjNonNormal,25,7,BebmS,3,0.2988895744681468,0.978035136847018,69.41310740709305,0.3512457912457912,0.007587579122634179,0.03333333333333333,,,100,100
726,0.21,sn_kjContinuousBeta_xnjNonNormal,26,7,BebmS,3,0.22120824563679928,0.965033836717005,69.87738010883331,0.40727272727272723,0.002685392868943971,0.039735099337748346,,,100,100
726,0.21,sn_kjContinuousBeta_xnjNonNormal,27,7,BebmS,3,0.08562641018590317,0.7871600493382671,90.06090410550435,0.32760942760942763,0.2305401642228845,0.0,,,100,100
726,0.21,sn_kjContinuousBeta_xnjNonNormal,28,7,BebmS,3,0.06558870274300986,0.6788558855885588,80.33743779261907,0.35474747474747476,0.319929693583829,0.02,,,100,100
726,0.21,sn_kjContinuousBeta_xnjNonNormal,29,7,BebmS,3,0.03959802269760882,0.5156048938227156,78.95646957953771,0.3269360269360269,0.5435104191739039,1.033112582781457,,,100,100
726,0.21,sn_kjContinuousBeta_xnjNonNormal,30,7,BebmS,3,0.2946866813781556,0.9719305263859719,69.29973893562952,0.40599326599326596,0.0,1.0927152317880795,,,100,100
726,0.21,sn_kjContinuousBeta_xnjNonNormal,31,7,BebmS,3,0.12633139474646146,0.9028222822282228,75.97455718119939,0.41151515151515156,0.0012296095400640315,0.033112582781456956,,,100,100
726,0.21,sn_kjContinuousBeta_xnjNonNormal,32,7,BebmS,3,0.01419552879969549,0.4052311897856452,77.48561198711396,0.3064646464646465,0.4731310161301962,0.18543046357615894,,,100,100
726,0.21,sn_kjContinuousBeta_xnjNonNormal,33,7,BebmS,3,0.4603865772913174,0.9908897556422309,71.5055871407191,0.4105050505050505,0.0,0.0728476821192053,,,100,100
726,0.21,sn_kjContinuousBeta_xnjNonNormal,34,7,BebmS,3,0.44272339340221856,0.9871693836050272,103.46123117208481,0.4338720538720538,-0.002124545823533533,0.0,,,100,100
726,0.21,sn_kjContinuousBeta_xnjNonNormal,35,7,BebmS,3,0.11866389493641205,0.8714324765809914,83.24468197027842,0.33104377104377103,0.2170971217427911,0.271523178807947,,,100,100
726,0.21,sn_kjContinuousBeta_xnjNonNormal,36,7,BebmS,3,0.4412771738562316,0.987985465213188,69.425193019708,0.4215488215488216,0.0022780754468029124,0.16556291390728478,,,100,100
726,0.21,sn_kjContinuousBeta_xnjNonNormal,37,7,BebmS,3,0.1563714662080711,0.8954668800213355,82.82582596937816,0.3781818181818182,-0.0004184502603279417,0.0,,,100,100
726,0.21,sn_kjContinuousBeta_xnjNonNormal,38,7,BebmS,3,0.436696622531531,0.9913297996466314,96.50401832262675,0.41043771043771043,0.0,0.11333333333333333,,,100,100
726,0.21,sn_kjContinuousBeta_xnjNonNormal,39,7,BebmS,3,0.1676616062856125,0.9303343667700104,104.36872566541037,0.4632323232323232,0.0,0.046357615894039736,,,100,100
726,0.21,sn_kjContinuousBeta_xnjNonNormal,40,7,BebmS,3,0.26083345631376614,0.9718505183851719,74.81600642204285,0.3776430976430976,0.0023425328587651155,0.0,,,100,100
726,0.21,sn_kjContinuousBeta_xnjNonNormal,41,7,BebmS,3,0.15981780593120476,0.9006140614061406,79.72741415103276,0.40296296296296297,-0.0007100482089403379,0.08666666666666667,,,100,100
726,0.21,sn_kjContinuousBeta_xnjNonNormal,42,7,BebmS,3,0.44881811219667533,0.9897456412307898,70.05953197479248,0.41757575757575754,0.0,0.32450331125827814,,,100,100
726,0.21,sn_kjContinuousBeta_xnjNonNormal,43,7,BebmS,3,0.4832538068663986,0.9912044537787112,92.2353145400683,0.4127272727272728,-0.0006557511179138615,0.0,,,100,100
726,0.21,sn_kjContinuousBeta_xnjNonNormal,44,7,BebmS,3,0.32633979990324147,0.9808407507417408,79.05872529745102,0.40094276094276093,0.0,0.12582781456953643,,,100,100
726,0.21,sn_kjContinuousBeta_xnjNonNormal,45,7,BebmS,3,0.03784141374660759,0.5748081474814148,78.01307562589645,0.24289562289562291,0.8651644927191205,0.12666666666666668,,,100,100
726,0.21,sn_kjContinuousBeta_xnjNonNormal,46,7,BebmS,3,0.3441704866737915,0.9805927259392606,80.10644696156184,0.4425589225589226,-0.0015932554215446993,0.0728476821192053,,,100,100
726,0.21,sn_kjContinuousBeta_xnjNonNormal,47,7,BebmS,3,0.46003471382938427,0.9925832583258326,85.28253238598505,0.4461952861952862,0.004397975273592716,0.0,,,100,100
726,0.21,sn_kjContinuousBeta_xnjNonNormal,48,7,BebmS,3,0.45075810759296164,0.9893696036270294,270.3459207097689,0.3627609427609428,0.0,0.046357615894039736,,,100,100
726,0.21,sn_kjContinuousBeta_xnjNonNormal,49,7,BebmS,3,0.2770317767659979,0.9676340967430076,89.59477191368738,0.409023569023569,0.0,0.06622516556291391,,,100,100
726,0.21,sn_kjContinuousBeta_xnjNormal,0,6,BebmS,3,0.41144832989232255,0.9876761009434277,76.59213472207388,0.3593265993265993,0.0,0.0,,,100,100
726,0.21,sn_kjContinuousBeta_xnjNormal,1,6,BebmS,3,0.22492561695859847,0.9550755075507551,74.29910898208618,0.39164983164983164,0.0,0.19333333333333333,,,100,100
726,0.21,sn_kjContinuousBeta_xnjNormal,2,6,BebmS,3,0.21284146477494376,0.9577424409107578,69.24088168144226,0.39346801346801347,0.0,0.15894039735099338,,,100,100
726,0.21,sn_kjContinuousBeta_xnjNormal,3,6,BebmS,3,0.3393462323144235,0.9771470480381371,71.6075469136238,0.40424242424242424,0.0,0.09868421052631579,,,100,100
726,0.21,sn_kjContinuousBeta_xnjNormal,4,6,BebmS,3,0.0853615313835855,0.7787618761876187,70.71749345064163,0.3430976430976431,0.5775941947136821,0.026490066225165563,,,100,100
726,0.21,sn_kjContinuousBeta_xnjNormal,5,6,BebmS,3,0.08823924255222401,0.8004147081374804,69.96877491474152,0.3726599326599327,0.3028481518486664,0.13245033112582782,,,100,100
726,0.21,sn_kjContinuousBeta_xnjNormal,6,6,BebmS,3,0.33882560123061,0.9814088075474214,71.93829171260198,0.4012121212121212,0.0,0.0,,,100,100
726,0.21,sn_kjContinuousBeta_xnjNormal,7,6,BebmS,3,0.45963182662463264,0.9922392239223923,90.24126305977504,0.4058585858585859,0.0,0.013245033112582781,,,100,100
726,0.21,sn_kjContinuousBeta_xnjNormal,8,6,BebmS,3,0.135425063163262,0.8968750208354169,72.14965280691783,0.31582491582491584,0.22623038613803154,0.0,,,100,100
726,0.21,sn_kjContinuousBeta_xnjNormal,9,6,BebmS,3,0.19274306201405472,0.9468933560022669,72.33728311061859,0.4129292929292929,0.004154187295413076,0.0,,,100,100
726,0.21,sn_kjContinuousBeta_xnjNormal,10,6,BebmS,3,0.31713768708424894,0.972034536787012,91.59034501314163,0.4481481481481482,0.0,0.0,,,100,100
726,0.21,sn_kjContinuousBeta_xnjNormal,11,6,BebmS,3,0.4359711367084952,0.9884281761509485,92.43583796819051,0.37993265993265996,-0.0008420952284099476,0.0,,,100,100
726,0.21,sn_kjContinuousBeta_xnjNormal,12,6,BebmS,3,0.03477893616034459,0.47584625129179586,74.03395822048188,0.23730639730639733,0.9526185528656504,0.0,,,100,100
726,0.21,sn_kjContinuousBeta_xnjNormal,13,6,BebmS,3,0.21942651410992356,0.9536060272693936,74.85280941327413,0.3905050505050505,0.0,0.0,,,100,100
726,0.21,sn_kjContinuousBeta_xnjNormal,14,6,BebmS,3,0.17276960545658718,0.9181198119811981,69.37508810361227,0.4661279461279461,0.0,0.0,,,100,100
726,0.21,sn_kjContinuousBeta_xnjNormal,15,6,BebmS,3,0.20618765930803637,0.95004033736707,102.93909690380096,0.3752861952861953,0.0,0.06622516556291391,,,100,100
726,0.21,sn_kjContinuousBeta_xnjNormal,16,6,BebmS,3,0.05505261576137472,0.6325312531253126,90.65135726531346,0.3572390572390572,0.3742431044563346,0.11920529801324503,,,100,100
726,0.21,sn_kjContinuousBeta_xnjNormal,17,6,BebmS,3,0.37231028826364415,0.9807154048738207,88.88695540428162,0.41023569023569023,0.0,0.0,,,100,100
726,0.21,sn_kjContinuousBeta_xnjNormal,18,6,BebmS,3,0.09568765442489761,0.7952995299529954,69.87990865310033,0.4036363636363636,0.00445865020518162,0.0,,,100,100
726,0.21,sn_kjContinuousBeta_xnjNormal,19,6,BebmS,3,0.45729406494377034,0.9908177484415108,68.77927054564158,0.38545454545454544,0.0,0.10596026490066225,,,100,100
726,0.21,sn_kjContinuousBeta_xnjNormal,20,6,BebmS,3,0.4669117532711822,0.9934553455345535,68.79281148513158,0.454949494949495,0.0,0.0,,,100,100
726,0.21,sn_kjContinuousBeta_xnjNormal,21,6,BebmS,3,0.3019105684010834,0.9719118578524519,71.12335622310638,0.38936026936026935,0.0,0.059602649006622516,,,100,100
726,0.21,sn_kjContinuousBeta_xnjNormal,22,6,BebmS,3,0.12484830668258352,0.8887675434210087,72.74510234991709,0.44558922558922553,0.0,0.0,,,100,100
726,0.21,sn_kjContinuousBeta_xnjNormal,23,6,BebmS,3,0.46795296497059735,0.9898149814981498,69.93000486691793,0.3853872053872054,-0.0010882988422040807,0.046357615894039736,,,100,100
726,0.21,sn_kjContinuousBeta_xnjNormal,24,6,BebmS,3,0.052126792046730624,0.6441190785745241,69.92983444531758,0.28531986531986536,0.47757452494377217,0.013245033112582781,,,100,100
726,0.21,sn_kjContinuousBeta_xnjNormal,25,6,BebmS,3,0.399127439343923,0.9867080041337467,75.28128501176835,0.42612794612794613,0.0,0.11842105263157894,,,100,100
726,0.21,sn_kjContinuousBeta_xnjNormal,26,6,BebmS,3,0.16120726735436514,0.9357242390905757,80.18621818621953,0.4376430976430976,0.0,0.0,,,100,100
726,0.21,sn_kjContinuousBeta_xnjNormal,27,6,BebmS,3,0.10041933654043711,0.8376691002433577,76.82074035008749,0.4078787878787879,0.0,0.0,,,100,100
726,0.21,sn_kjContinuousBeta_xnjNormal,28,6,BebmS,3,0.15971808669420048,0.9047904790479048,86.8773490746816,0.39393939393939387,0.0038628526552132,0.0,,,100,100
726,0.21,sn_kjContinuousBeta_xnjNormal,29,6,BebmS,3,0.27758030345003365,0.9753148648198153,71.78631694316864,0.39791245791245794,0.0,0.07947019867549669,,,100,100
726,0.21,sn_kjContinuousBeta_xnjNormal,30,6,BebmS,3,0.026896374990674293,0.46521318798546524,81.57511367797852,0.24383838383838385,0.8296007202930378,0.0,,,100,100
726,0.21,sn_kjContinuousBeta_xnjNormal,31,6,BebmS,3,0.3669592033435744,0.9822408907557423,77.32254058122635,0.3713131313131313,0.0,0.09210526315789473,,,100,100
726,0.21,sn_kjContinuousBeta_xnjNormal,32,6,BebmS,3,0.11840087989752643,0.8565669900323366,69.22585588296255,0.36175084175084177,0.062430946218026466,0.0,,,100,100
726,0.21,sn_kjContinuousBeta_xnjNormal,33,6,BebmS,3,0.23250176656984273,0.967031369803647,82.38794244130453,0.4032323232323232,0.0,0.09210526315789473,,,100,100
726,0.21,sn_kjContinuousBeta_xnjNormal,34,6,BebmS,3,0.45961945101530144,0.9899829982998299,90.23998136520386,0.3801346801346801,0.0,0.013245033112582781,,,100,100
726,0.21,sn_kjContinuousBeta_xnjNormal,35,6,BebmS,3,0.2078685251671843,0.9502856952361903,76.24120815992356,0.4274747474747474,-0.001307112354205602,0.0,,,100,100
726,0.21,sn_kjContinuousBeta_xnjNormal,36,6,BebmS,3,0.3708136283677712,0.9822702270227023,111.68189725081126,0.403030303030303,-0.0008398920408432893,0.02,,,100,100
726,0.21,sn_kjContinuousBeta_xnjNormal,37,6,BebmS,3,0.09524892460090602,0.7971157115711571,78.59941351413727,0.3839057239057239,0.23017387699189082,0.14666666666666667,,,100,100
726,0.21,sn_kjContinuousBeta_xnjNormal,38,6,BebmS,3,0.2933910173259753,0.9773310664399774,81.07446441253026,0.40255892255892256,-0.002319489010778322,0.02,,,100,100
726,0.21,sn_kjContinuousBeta_xnjNormal,39,6,BebmS,3,0.47148995020544066,0.9900576724339101,98.37464265028636,0.3771717171717171,0.0,0.0,,,100,100
726,0.21,sn_kjContinuousBeta_xnjNormal,40,6,BebmS,3,0.48111908032516776,0.9924739140580725,77.1906319697698,0.36760942760942755,0.0,0.0,,,100,100
726,0.21,sn_kjContinuousBeta_xnjNormal,41,6,BebmS,3,0.150545340016779,0.9122392239223922,78.19680006504059,0.37353535353535355,0.0970167403565044,0.0,,,100,100
726,0.21,sn_kjContinuousBeta_xnjNormal,42,6,BebmS,3,0.026115737506944355,0.49945927926125944,70.5564747651418,0.22484848484848485,0.9660567530544701,0.0,,,100,100
726,0.21,sn_kjContinuousBeta_xnjNormal,43,6,BebmS,3,0.2724419915272243,0.9704877154382104,74.69464450279871,0.3940740740740741,0.024272959749458242,0.0,,,100,100
726,0.21,sn_kjContinuousBeta_xnjNormal,44,6,BebmS,3,0.46068186085287927,0.9886041937527086,91.88347866535187,0.40430976430976434,0.0,0.0,,,100,100
726,0.21,sn_kjContinuousBeta_xnjNormal,45,6,BebmS,3,0.14151679946986195,0.9212961296129613,82.28051908016205,0.3942760942760943,0.00900420107589026,0.0,,,100,100
726,0.21,sn_kjContinuousBeta_xnjNormal,46,6,BebmS,3,0.0471295885236695,0.631099109910991,78.61711643139522,0.331986531986532,0.6020714578915066,0.11258278145695365,,,100,100
726,0.21,sn_kjContinuousBeta_xnjNormal,47,6,BebmS,3,0.050973881918522805,0.6363236323632363,73.34093810319901,0.2758249158249158,0.9196848070308027,0.0,,,100,100
726,0.21,sn_kjContinuousBeta_xnjNormal,48,6,BebmS,3,0.14126744107530181,0.9224109077574424,267.0595029950142,0.38632996632996636,0.0,0.0,,,100,100
726,0.21,sn_kjContinuousBeta_xnjNormal,49,6,BebmS,3,0.2453427704834073,0.965999266593326,93.19422993262609,0.4539393939393939,0.002102306847451351,0.0,,,100,100
726,0.21,sn_kjOrdinalDM_xnjNonNormal,0,2,BebmS,3,0.0779102892654733,0.7188918891889189,88.95164595047633,0.40350168350168353,0.48274137740578676,0.0,,,100,100
726,0.21,sn_kjOrdinalDM_xnjNonNormal,1,2,BebmS,3,0.22020332404121107,0.9524779144581125,69.95518072446187,0.38067340067340066,0.0,0.19205298013245034,,,100,100
726,0.21,sn_kjOrdinalDM_xnjNonNormal,2,2,BebmS,3,0.21274618315439264,0.9521658832549922,71.29513349533082,0.4071380471380471,0.012630768476038527,0.046357615894039736,,,100,100
726,0.21,sn_kjOrdinalDM_xnjNonNormal,3,2,BebmS,3,0.1017459816507748,0.8373277327732773,69.29034924507141,0.3628282828282828,0.03392775114339551,0.039735099337748346,,,100,100
726,0.21,sn_kjOrdinalDM_xnjNonNormal,4,2,BebmS,3,0.41816473048802827,0.9898256492315898,72.52891532182693,0.4194612794612795,0.0,0.17218543046357615,,,100,100
726,0.21,sn_kjOrdinalDM_xnjNonNormal,5,2,BebmS,3,0.39041774061915463,0.987006700670067,94.41726075410843,0.3962962962962963,0.0,0.609271523178808,,,100,100
726,0.21,sn_kjOrdinalDM_xnjNonNormal,6,2,BebmS,3,0.03397661769516549,0.5237817115044838,70.74513371785481,0.2276094276094276,0.8873342645975265,0.0,,,100,100
726,0.21,sn_kjOrdinalDM_xnjNonNormal,7,2,BebmS,3,0.1879866954308711,0.9454638797213054,97.15052987337113,0.3653198653198653,-0.002896605513067268,0.07947019867549669,,,100,100
726,0.21,sn_kjOrdinalDM_xnjNonNormal,8,2,BebmS,3,0.296161919695648,0.9778964563122979,89.36934065024057,0.36121212121212126,0.0127903496587223,0.11258278145695365,,,100,100
726,0.21,sn_kjOrdinalDM_xnjNonNormal,9,2,BebmS,3,0.2909319348485188,0.9665806580658066,77.63874224821727,0.43023569023569025,-0.0007355914348379744,0.046357615894039736,,,100,100
726,0.21,sn_kjOrdinalDM_xnjNonNormal,10,2,BebmS,3,0.2595435253599114,0.969026235956929,69.44568755626679,0.37447811447811447,0.0,0.07947019867549669,,,100,100
726,0.21,sn_kjOrdinalDM_xnjNonNormal,11,2,BebmS,3,0.21057042218907632,0.9555342200886755,238.2228481968244,0.3903703703703704,0.0001397407737645378,0.039735099337748346,,,100,100
726,0.21,sn_kjOrdinalDM_xnjNonNormal,12,2,BebmS,3,0.4496086291561495,0.9926232623262327,100.69192442496617,0.43966329966329964,5.8225765372589477e-05,0.15894039735099338,,,100,100
726,0.21,sn_kjOrdinalDM_xnjNonNormal,13,2,BebmS,3,0.10196300952254697,0.8627622762276228,77.2807073911031,0.408013468013468,0.004684649044117972,0.0,,,100,100
726,0.21,sn_kjOrdinalDM_xnjNonNormal,14,2,BebmS,3,0.4775345723647725,0.99002566923359,71.18796766201655,0.44727272727272727,0.002076870065734141,0.36,,,100,100
726,0.21,sn_kjOrdinalDM_xnjNonNormal,15,2,BebmS,3,0.3529940985285979,0.9781578157815781,75.73275775114695,0.41710437710437703,0.00014223429679752697,0.11258278145695365,,,100,100
726,0.21,sn_kjOrdinalDM_xnjNonNormal,16,2,BebmS,3,0.3624397989693507,0.9807900790079008,69.24470995664596,0.4135353535353536,0.0,0.2913907284768212,,,100,100
726,0.21,sn_kjOrdinalDM_xnjNonNormal,17,2,BebmS,3,0.2552785722872337,0.9672127212721272,69.3983371257782,0.40397306397306393,0.0008249407375483039,0.2980132450331126,,,100,100
726,0.21,sn_kjOrdinalDM_xnjNonNormal,18,2,BebmS,3,0.08576359983633354,0.8065833249991666,90.19244489669799,0.3742087542087542,0.19846847947622834,0.2185430463576159,,,100,100
726,0.21,sn_kjOrdinalDM_xnjNonNormal,19,2,BebmS,3,0.3396578325871762,0.9828169483615028,70.38583816687266,0.42922558922558923,-0.0012916055994827717,1.0,,,100,100
726,0.21,sn_kjOrdinalDM_xnjNonNormal,20,2,BebmS,3,0.3736920869795453,0.9849184918491849,70.21849266290664,0.41703703703703704,0.0035447837589000514,0.0,,,100,100
726,0.21,sn_kjOrdinalDM_xnjNonNormal,21,2,BebmS,3,0.04818617440658555,0.6350648398173151,71.85047895908356,0.29663299663299664,0.868815045750416,1.76,,,100,100
726,0.21,sn_kjOrdinalDM_xnjNonNormal,22,2,BebmS,3,0.10005632253657522,0.8475607560756075,72.92698052326838,0.3566329966329967,0.23125698179003726,0.24503311258278146,,,100,100
726,0.21,sn_kjOrdinalDM_xnjNonNormal,23,2,BebmS,3,0.36655402187010216,0.984966496649665,69.24848636786143,0.4032323232323232,0.0,0.4105960264900662,,,100,100
726,0.21,sn_kjOrdinalDM_xnjNonNormal,24,2,BebmS,3,0.32841005768073617,0.9792992632596593,69.46861389080684,0.39360269360269357,-0.0030400744320459518,0.16556291390728478,,,100,100
726,0.21,sn_kjOrdinalDM_xnjNonNormal,25,2,BebmS,3,0.18280954965845173,0.9306170617061706,78.98308492898941,0.4132659932659933,-0.00019835730341845307,0.0,,,100,100
726,0.21,sn_kjOrdinalDM_xnjNonNormal,26,2,BebmS,3,0.35841358941858664,0.9847424742474248,74.70935855309169,0.44572390572390574,0.0,0.026490066225165563,,,100,100
726,0.21,sn_kjOrdinalDM_xnjNonNormal,27,2,BebmS,3,0.014744888296444018,0.38565589892322566,74.71970667044322,0.37400673400673395,0.5071545058265932,0.16556291390728478,,,100,100
726,0.21,sn_kjOrdinalDM_xnjNonNormal,28,2,BebmS,3,0.1921505379386976,0.9438690535720239,73.65734157562255,0.3771043771043771,-0.027466169202282537,0.026490066225165563,,,100,100
726,0.21,sn_kjOrdinalDM_xnjNonNormal,29,2,BebmS,3,0.07027247920349057,0.7865039837317065,72.01568464040756,0.30323232323232324,0.3856234462352724,0.17880794701986755,,,100,100
726,0.21,sn_kjOrdinalDM_xnjNonNormal,30,2,BebmS,3,0.23155702226042127,0.953923392339234,78.62400478124619,0.42350168350168355,5.862269230633972e-05,0.4304635761589404,,,100,100
726,0.21,sn_kjOrdinalDM_xnjNonNormal,31,2,BebmS,3,0.24775671026067206,0.964020402040204,76.65314690272014,0.39892255892255896,0.002272336800476996,0.26490066225165565,,,100,100
726,0.21,sn_kjOrdinalDM_xnjNonNormal,32,2,BebmS,3,0.44416922955813926,0.9901350135013501,110.17811323404312,0.38417508417508417,0.005424160955839351,0.18543046357615894,,,100,100
726,0.21,sn_kjOrdinalDM_xnjNonNormal,33,2,BebmS,3,0.20070520492290728,0.9485628562856285,141.52425675789516,0.3940740740740741,-0.001889238015002556,0.006622516556291391,,,100,100
726,0.21,sn_kjOrdinalDM_xnjNonNormal,34,2,BebmS,3,0.35648689482738777,0.9850705070507051,88.6916194955508,0.3981144781144781,0.00015564953679600166,0.0,,,100,100
726,0.21,sn_kjOrdinalDM_xnjNonNormal,35,2,BebmS,3,0.33464637976546885,0.978016468313498,93.28568834066391,0.4477441077441078,0.0,0.7814569536423841,,,100,100
726,0.21,sn_kjOrdinalDM_xnjNonNormal,36,2,BebmS,3,0.38955015641214674,0.9878067806780678,88.91368527809779,0.4032323232323232,0.00014046874387642447,0.09210526315789473,,,100,100
726,0.21,sn_kjOrdinalDM_xnjNonNormal,37,2,BebmS,3,0.21389035274742008,0.9562569590292362,73.6446890672048,0.39494949494949494,0.0,0.4105960264900662,,,100,100
726,0.21,sn_kjOrdinalDM_xnjNonNormal,38,2,BebmS,3,0.18297109613528947,0.9399593292662599,91.26984312136968,0.3508417508417509,0.24137286355456494,0.0,,,100,100
726,0.21,sn_kjOrdinalDM_xnjNonNormal,39,2,BebmS,3,0.3895892380097498,0.9871827182718271,75.37668400208155,0.3898989898989899,0.0,0.0,,,100,100
726,0.21,sn_kjOrdinalDM_xnjNonNormal,40,2,BebmS,3,0.19880567378387864,0.9520645397873121,94.88862049182256,0.4703703703703704,-0.0024017513969304275,0.2582781456953642,,,100,100
726,0.21,sn_kjOrdinalDM_xnjNonNormal,41,2,BebmS,3,0.2746130106983694,0.9726532653265326,97.86418029467265,0.435016835016835,-0.0011724888874034736,1.0529801324503312,,,100,100
726,0.21,sn_kjOrdinalDM_xnjNonNormal,42,2,BebmS,3,0.45533575767942086,0.9886788678867887,75.76753795544306,0.38000000000000006,-0.0018815710739488174,0.08,,,100,100
726,0.21,sn_kjOrdinalDM_xnjNonNormal,43,2,BebmS,3,0.016586163150632948,0.42461179451278463,74.63116844097773,0.23090909090909092,0.8987740566339409,0.39072847682119205,,,100,100
726,0.21,sn_kjOrdinalDM_xnjNonNormal,44,2,BebmS,3,0.2877799323621136,0.9653672033870053,73.55667298634847,0.45508417508417515,9.691976096007991e-05,0.36,,,100,100
726,0.21,sn_kjOrdinalDM_xnjNonNormal,45,2,BebmS,3,0.17834985766771597,0.9422102210221022,70.14042348861695,0.3854545454545455,0.0,0.026490066225165563,,,100,100
726,0.21,sn_kjOrdinalDM_xnjNonNormal,46,2,BebmS,3,0.40692304656973316,0.9871373804047071,71.93212095499038,0.36936026936026933,0.0,0.13245033112582782,,,100,100
726,0.21,sn_kjOrdinalDM_xnjNonNormal,47,2,BebmS,3,0.25639712008816967,0.971077107710771,73.43304235140482,0.41265993265993267,0.00093938637335264,1.2317880794701987,,,100,100
726,0.21,sn_kjOrdinalDM_xnjNonNormal,48,2,BebmS,3,0.04273387992972996,0.6278107810781078,77.53579197327296,0.2550841750841751,0.865610818530086,0.2251655629139073,,,100,100
726,0.21,sn_kjOrdinalDM_xnjNonNormal,49,2,BebmS,3,0.3937479841971112,0.9864039737307064,75.24411656061808,0.4582491582491583,0.0,1.2317880794701987,,,100,100
726,0.21,sn_kjOrdinalDM_xnjNormal,0,1,BebmS,3,0.05977356748482472,0.6713217988465513,71.76252946456273,0.3630976430976431,0.26388018393301166,0.0,,,100,100
726,0.21,sn_kjOrdinalDM_xnjNormal,1,1,BebmS,3,0.41170785294808404,0.9876147614761476,76.40574879248938,0.44020202020202026,0.0,2.6357615894039736,,,100,100
726,0.21,sn_kjOrdinalDM_xnjNormal,2,1,BebmS,3,0.09732431479781224,0.835911591159116,68.94305487076441,0.3653872053872054,0.5769708865291119,0.019867549668874173,,,100,100
726,0.21,sn_kjOrdinalDM_xnjNormal,3,1,BebmS,3,0.43828389245188903,0.9906417308397506,74.54896841843923,0.4185185185185185,0.0,0.0,,,100,100
726,0.21,sn_kjOrdinalDM_xnjNormal,4,1,BebmS,3,0.43390806471074544,0.9898576524319098,76.1915488521258,0.387946127946128,0.00023721634677718173,0.006622516556291391,,,100,100
726,0.21,sn_kjOrdinalDM_xnjNormal,5,1,BebmS,3,0.2565207673844899,0.963988398839884,77.35385562578837,0.42612794612794613,-0.0036837743694679657,0.0,,,100,100
726,0.21,sn_kjOrdinalDM_xnjNormal,6,1,BebmS,3,0.08500193969947673,0.7873574024069073,69.500852060318,0.27521885521885525,0.4804182190515071,0.08,,,100,100
726,0.21,sn_kjOrdinalDM_xnjNormal,7,1,BebmS,3,0.45542617938431085,0.9892362569590293,86.28953138987224,0.41750841750841755,0.0,0.0,,,100,100
726,0.21,sn_kjOrdinalDM_xnjNormal,8,1,BebmS,3,0.38416483867416745,0.9834090075674234,77.30899897416433,0.3846464646464646,0.0,0.0,,,100,100
726,0.21,sn_kjOrdinalDM_xnjNormal,9,1,BebmS,3,0.07930527897653965,0.7476600993432677,74.52285742759705,0.37138047138047137,0.2015807441170171,0.17218543046357615,,,100,100
726,0.21,sn_kjOrdinalDM_xnjNormal,10,1,BebmS,3,0.44961869180848607,0.9902630263026303,78.88349566062291,0.392996632996633,0.0,0.0,,,100,100
726,0.21,sn_kjOrdinalDM_xnjNormal,11,1,BebmS,3,0.4866423379242598,0.9913831383138314,69.61028512318929,0.41232323232323226,0.0,0.0,,,100,100
726,0.21,sn_kjOrdinalDM_xnjNormal,12,1,BebmS,3,0.20746644755973098,0.962950961762843,92.88995721737544,0.44303030303030305,-0.0005705393803887859,0.0,,,100,100
726,0.21,sn_kjOrdinalDM_xnjNormal,13,1,BebmS,3,0.084626424109855,0.8054845484548455,75.05775090058644,0.3294276094276094,0.4889076231301487,0.0,,,100,100
726,0.21,sn_kjOrdinalDM_xnjNormal,14,1,BebmS,3,0.0394788946363183,0.5768376837683769,81.50609131256739,0.30787878787878786,0.4073685005378279,0.152317880794702,,,100,100
726,0.21,sn_kjOrdinalDM_xnjNormal,15,1,BebmS,3,0.028628011922465654,0.4334900156682335,70.72594187259674,0.27730639730639733,0.8781029136216918,0.2119205298013245,,,100,100
726,0.21,sn_kjOrdinalDM_xnjNormal,16,1,BebmS,3,0.12670866894542554,0.8623942394239424,69.72257962624232,0.3917171717171717,0.0,0.0,,,100,100
726,0.21,sn_kjOrdinalDM_xnjNormal,17,1,BebmS,3,0.04522332446296001,0.5747174717471747,101.72874489227931,0.24303030303030304,0.9230769864490128,0.0,,,100,100
726,0.21,sn_kjOrdinalDM_xnjNormal,18,1,BebmS,3,0.2683191388788497,0.9601826849351602,69.206944668293,0.40538720538720535,0.03699102033097845,0.006622516556291391,,,100,100
726,0.21,sn_kjOrdinalDM_xnjNormal,19,1,BebmS,3,0.1554727127297427,0.9211227789445611,84.38811641931534,0.3967676767676768,0.0070600153136373646,0.0,,,100,100
726,0.21,sn_kjOrdinalDM_xnjNormal,20,1,BebmS,3,0.4250424435860284,0.988993566023269,68.59020578066507,0.41191919191919196,0.0,0.0,,,100,100
726,0.21,sn_kjOrdinalDM_xnjNormal,21,1,BebmS,3,0.43381203469880225,0.9872200553388673,70.07984856764476,0.4113131313131313,0.0,0.033112582781456956,,,100,100
726,0.21,sn_kjOrdinalDM_xnjNormal,22,1,BebmS,3,0.4441765155507302,0.9882868286828683,75.8464661637942,0.4444444444444444,0.0,0.0,,,100,100
726,0.21,sn_kjOrdinalDM_xnjNormal,23,1,BebmS,3,0.15896051595200464,0.8975657565756575,69.43521075248718,0.4455892255892256,0.02569219781440012,0.0728476821192053,,,100,100
726,0.21,sn_kjOrdinalDM_xnjNormal,24,1,BebmS,3,0.155577265074137,0.9237230389705637,75.64589920838674,0.3637037037037037,0.3091771421656064,0.0,,,100,100
726,0.21,sn_kjOrdinalDM_xnjNormal,25,1,BebmS,3,0.04420720088011583,0.5393005967263393,69.42926812966665,0.2764983164983165,0.6565535341649428,0.019867549668874173,,,100,100
726,0.21,sn_kjOrdinalDM_xnjNormal,26,1,BebmS,3,0.37681680534405376,0.9844864486448645,75.45000402530034,0.4094276094276094,0.0,0.026490066225165563,,,100,100
726,0.21,sn_kjOrdinalDM_xnjNormal,27,1,BebmS,3,0.31463185654409526,0.9765549888322166,72.86923917531968,0.37427609427609426,0.03309815270841119,0.0,,,100,100
726,0.21,sn_kjOrdinalDM_xnjNormal,28,1,BebmS,3,0.07731673631015215,0.7604960496049605,73.47932692368825,0.42484848484848486,0.0,0.0,,,100,100
726,0.21,sn_kjOrdinalDM_xnjNormal,29,1,BebmS,3,0.3761542723036161,0.9844331099776644,73.19968278805415,0.36747474747474745,0.0003785190627601829,0.0,,,100,100
726,0.21,sn_kjOrdinalDM_xnjNormal,30,1,BebmS,3,0.10404263784154004,0.8364129746307964,106.87626929680506,0.36296296296296293,0.33163459786224403,0.2866666666666667,,,100,100
726,0.21,sn_kjOrdinalDM_xnjNormal,31,1,BebmS,3,0.42899431983648745,0.9917858452511917,75.62703446149825,0.4346801346801347,0.0,0.0,,,100,100
726,0.21,sn_kjOrdinalDM_xnjNormal,32,1,BebmS,3,0.06571799279470086,0.7304850485048505,74.49767198562623,0.42350168350168343,0.13211662296645563,0.019867549668874173,,,100,100
726,0.21,sn_kjOrdinalDM_xnjNormal,33,1,BebmS,3,0.23909525820139466,0.9625375870920425,72.64544393221537,0.4515151515151515,0.0,0.1390728476821192,,,100,100
726,0.21,sn_kjOrdinalDM_xnjNormal,34,1,BebmS,3,0.18418878352340454,0.9439037237057039,73.53963912328085,0.39959595959595956,0.004162318979880279,0.0,,,100,100
726,0.21,sn_kjOrdinalDM_xnjNormal,35,1,BebmS,3,0.1101221882925721,0.8611887855452212,79.45066324472427,0.4339393939393939,0.00261627094830658,0.026490066225165563,,,100,100
726,0.21,sn_kjOrdinalDM_xnjNormal,36,1,BebmS,3,0.3874019618013839,0.9823235656899023,79.50931392113368,0.3750841750841751,0.0008932171901565614,0.0728476821192053,,,100,100
726,0.21,sn_kjOrdinalDM_xnjNormal,37,1,BebmS,3,0.4694250001713557,0.9916151615161516,119.67739718755087,0.4255892255892256,0.0,0.06622516556291391,,,100,100
726,0.21,sn_kjOrdinalDM_xnjNormal,38,1,BebmS,3,0.18403985249450236,0.9436343634363437,82.35176227092742,0.3850505050505051,0.03805824288223382,0.0,,,100,100
726,0.21,sn_kjOrdinalDM_xnjNormal,39,1,BebmS,3,0.30833634710943075,0.9717091709170917,69.93739715417226,0.39326599326599326,-9.247107553657064e-05,0.0,,,100,100
726,0.21,sn_kjOrdinalDM_xnjNormal,40,1,BebmS,3,0.05615918496857125,0.7177824449111578,85.34378531376521,0.44181818181818183,0.030046746318947312,0.03333333333333333,,,100,100
726,0.21,sn_kjOrdinalDM_xnjNormal,41,1,BebmS,3,0.16788919557891263,0.9178557855785578,75.86910606225332,0.4226262626262626,-0.0001909230904438038,0.0728476821192053,,,100,100
726,0.21,sn_kjOrdinalDM_xnjNormal,42,1,BebmS,3,0.13355399244183735,0.8985871920525386,80.16178318262101,0.3645791245791246,0.07166386403133258,0.2847682119205298,,,100,100
726,0.21,sn_kjOrdinalDM_xnjNormal,43,1,BebmS,3,0.15785411585041456,0.9261979531286462,74.0285338640213,0.4327946127946128,0.1833872564870391,0.0,,,100,100
726,0.21,sn_kjOrdinalDM_xnjNormal,44,1,BebmS,3,0.23620053225218762,0.9645377871120445,79.09361252387365,0.432053872053872,0.0,1.086092715231788,,,100,100
726,0.21,sn_kjOrdinalDM_xnjNormal,45,1,BebmS,3,0.3413842239162387,0.9799179917991799,73.60677894751231,0.41744107744107745,0.0,0.013245033112582781,,,100,100
726,0.21,sn_kjOrdinalDM_xnjNormal,46,1,BebmS,3,0.3936693483440312,0.9888548854885488,73.73403533697129,0.4348148148148148,0.0,0.09271523178807947,,,100,100
726,0.21,sn_kjOrdinalDM_xnjNormal,47,1,BebmS,3,0.033935748766098985,0.5691995866253292,78.63430822690329,0.3329292929292929,0.26162753631153746,0.0,,,100,100
726,0.21,sn_kjOrdinalDM_xnjNormal,48,1,BebmS,3,0.49609225645020766,0.9916498316498317,78.88228894869486,0.3875420875420876,0.0,0.22,,,100,100
726,0.21,sn_kjOrdinalDM_xnjNormal,49,1,BebmS,3,0.10395688597668039,0.8414748141480815,239.36829202175142,0.43932659932659934,0.0,0.033112582781456956,,,100,100
726,0.21,sn_kjOrdinalUniform_xnjNonNormal,0,4,BebmS,3,0.19833714426924073,0.9424315764909824,69.58329594930014,0.382020202020202,0.0,0.10666666666666667,,,100,100
726,0.21,sn_kjOrdinalUniform_xnjNonNormal,1,4,BebmS,3,0.04702391808402757,0.6313898056472314,71.13707235654195,0.2338047138047138,0.7616401003476104,1.0066225165562914,,,100,100
726,0.21,sn_kjOrdinalUniform_xnjNonNormal,2,4,BebmS,3,0.4309495533822375,0.9885108510851085,69.91370453834534,0.35468013468013465,0.001449051314021222,0.31125827814569534,,,100,100
726,0.21,sn_kjOrdinalUniform_xnjNonNormal,3,4,BebmS,3,0.47846282290429,0.9910684401773511,70.11752748092016,0.37481481481481477,0.0004760392004731024,0.21333333333333335,,,100,100
726,0.21,sn_kjOrdinalUniform_xnjNonNormal,4,4,BebmS,3,0.09178448682613813,0.814050738407174,96.34904892047247,0.31387205387205386,0.2467579095198572,0.4370860927152318,,,100,100
726,0.21,sn_kjOrdinalUniform_xnjNonNormal,5,4,BebmS,3,0.4735262792647734,0.9916685001833516,70.79336779912313,0.37367003367003365,0.006203573032437084,0.2847682119205298,,,100,100
726,0.21,sn_kjOrdinalUniform_xnjNonNormal,6,4,BebmS,3,0.2552863185178691,0.95999599959996,75.7774983326594,0.43663299663299665,0.0,0.052980132450331126,,,100,100
726,0.21,sn_kjOrdinalUniform_xnjNonNormal,7,4,BebmS,3,0.06030190087898674,0.5846624662466247,70.92658435106277,0.3621548821548822,0.44554594839178396,0.17880794701986755,,,100,100
726,0.21,sn_kjOrdinalUniform_xnjNonNormal,8,4,BebmS,3,0.09453944813488933,0.8288602193552689,72.28670914173127,0.29723905723905725,0.10658405339195563,0.06622516556291391,,,100,100
726,0.21,sn_kjOrdinalUniform_xnjNonNormal,9,4,BebmS,3,0.28519872841607313,0.9722212221222122,79.5110336025556,0.38626262626262625,4.028120307869235e-06,0.08666666666666667,,,100,100
726,0.21,sn_kjOrdinalUniform_xnjNonNormal,10,4,BebmS,3,0.08724211495276256,0.8144801146781345,71.84959772427877,0.3657239057239057,0.06322789961572903,0.12,,,100,100
726,0.21,sn_kjOrdinalUniform_xnjNonNormal,11,4,BebmS,3,0.3018020231889102,0.9782644931159783,72.50655866861344,0.4074747474747475,0.0,0.06622516556291391,,,100,100
726,0.21,sn_kjOrdinalUniform_xnjNonNormal,12,4,BebmS,3,0.2965192396854751,0.9704130413041304,69.35321097373962,0.3670707070707071,-3.956446219040368e-06,1.1986754966887416,,,100,100
726,0.21,sn_kjOrdinalUniform_xnjNonNormal,13,4,BebmS,3,0.05112109182908152,0.6153642030869754,76.34545215368271,0.3418855218855219,0.23152494475178828,0.006622516556291391,,,100,100
726,0.21,sn_kjOrdinalUniform_xnjNonNormal,14,4,BebmS,3,0.28572367990060704,0.9686075274194086,88.9208846449852,0.35663299663299664,-0.0011840839740167675,0.11333333333333333,,,100,100
726,0.21,sn_kjOrdinalUniform_xnjNonNormal,15,4,BebmS,3,0.36536097528357664,0.9846437977131046,75.9363277832667,0.38545454545454544,0.0,0.06622516556291391,,,100,100
726,0.21,sn_kjOrdinalUniform_xnjNonNormal,16,4,BebmS,3,0.45101502409326527,0.9886682001533487,69.6710462252299,0.39286195286195286,5.93431092303229e-07,0.019867549668874173,,,100,100
726,0.21,sn_kjOrdinalUniform_xnjNonNormal,17,4,BebmS,3,0.4470180920519208,0.9884015068173484,86.24052837292354,0.36754208754208756,0.0006834875490675312,0.271523178807947,,,100,100
726,0.21,sn_kjOrdinalUniform_xnjNonNormal,18,4,BebmS,3,0.2860635684503788,0.9737413741374138,70.61014824310938,0.39912457912457916,-0.0006521201755305998,0.17218543046357615,,,100,100
726,0.21,sn_kjOrdinalUniform_xnjNonNormal,19,4,BebmS,3,0.307317449934265,0.9831476480981431,69.49317632913589,0.3809427609427609,-0.0009733821062550978,0.17880794701986755,,,100,100
726,0.21,sn_kjOrdinalUniform_xnjNonNormal,20,4,BebmS,3,0.3381425364021287,0.9817048371503817,73.83632551034292,0.4203367003367003,-0.00018478558659815292,0.10596026490066225,,,100,100
726,0.21,sn_kjOrdinalUniform_xnjNonNormal,21,4,BebmS,3,0.4911395943509717,0.9888628862886288,72.15550344785055,0.3823569023569024,0.02652905104294499,0.06622516556291391,,,100,100
726,0.21,sn_kjOrdinalUniform_xnjNonNormal,22,4,BebmS,3,0.42949035180527223,0.9876867686768677,74.87402973969778,0.3764309764309764,0.0,0.013157894736842105,,,100,100
726,0.21,sn_kjOrdinalUniform_xnjNonNormal,23,4,BebmS,3,0.45386997714814925,0.9892789278927893,76.33182686169943,0.3877441077441078,0.010192500029618233,0.11258278145695365,,,100,100
726,0.21,sn_kjOrdinalUniform_xnjNonNormal,24,4,BebmS,3,0.22203635595419663,0.9587585425209187,73.48468762238821,0.344983164983165,0.008583538805866169,0.47333333333333333,,,100,100
726,0.21,sn_kjOrdinalUniform_xnjNonNormal,25,4,BebmS,3,0.1573681614964071,0.9325079174584125,72.05843127568563,0.38720538720538716,0.03668715879199949,0.05333333333333334,,,100,100
726,0.21,sn_kjOrdinalUniform_xnjNonNormal,26,4,BebmS,3,0.161912831158775,0.9234483448344835,72.0951232790947,0.3773737373737374,0.007393539054211989,0.62,,,100,100
726,0.21,sn_kjOrdinalUniform_xnjNonNormal,27,4,BebmS,3,0.09318623061448328,0.793096642997633,76.5993844985962,0.2701010101010101,0.5005988213772867,0.13157894736842105,,,100,100
726,0.21,sn_kjOrdinalUniform_xnjNonNormal,28,4,BebmS,3,0.09170268109504283,0.8238357169050239,73.09875942866007,0.3136026936026936,0.46050872740830273,0.08,,,100,100
726,0.21,sn_kjOrdinalUniform_xnjNonNormal,29,4,BebmS,3,0.058911287173363885,0.6497996466313298,69.57641031742097,0.2694276094276094,0.6668408725371803,0.4503311258278146,,,100,100
726,0.21,sn_kjOrdinalUniform_xnjNonNormal,30,4,BebmS,3,0.35518796410730014,0.9832009867653432,72.11063368320465,0.3738720538720539,-0.0009568713609186796,0.22666666666666666,,,100,100
726,0.21,sn_kjOrdinalUniform_xnjNonNormal,31,4,BebmS,3,0.4991514929555875,0.9917965129846318,90.20834103822708,0.4006060606060606,0.0,1.0529801324503312,,,100,100
726,0.21,sn_kjOrdinalUniform_xnjNonNormal,32,4,BebmS,3,0.4197690947682101,0.9871027102710271,72.76654772758484,0.36835016835016837,0.00028810134966774915,0.2052980132450331,,,100,100
726,0.21,sn_kjOrdinalUniform_xnjNonNormal,33,4,BebmS,3,0.12044943755692739,0.8827429409607628,77.35074518521627,0.3436363636363636,0.009493128412947126,0.11333333333333333,,,100,100
726,0.21,sn_kjOrdinalUniform_xnjNonNormal,34,4,BebmS,3,0.3069717384339204,0.9797979797979798,75.46916077534358,0.37851851851851853,-0.0005866587456302623,0.1,,,100,100
726,0.21,sn_kjOrdinalUniform_xnjNonNormal,35,4,BebmS,3,0.3401836662144308,0.9847984798479849,95.38756319681804,0.41299663299663303,0.0,0.25333333333333335,,,100,100
726,0.21,sn_kjOrdinalUniform_xnjNonNormal,36,4,BebmS,3,0.09040892256948084,0.8422988965563223,71.61177608172099,0.36646464646464644,0.17844505373201922,0.10596026490066225,,,100,100
726,0.21,sn_kjOrdinalUniform_xnjNonNormal,37,4,BebmS,3,0.30437612182323953,0.9778911224455779,77.79514077107112,0.42181818181818187,0.0,1.576158940397351,,,100,100
726,0.21,sn_kjOrdinalUniform_xnjNonNormal,38,4,BebmS,3,0.28667474877586113,0.9741627496082942,76.71046264568965,0.39468013468013474,0.01346477298944669,0.12582781456953643,,,100,100
726,0.21,sn_kjOrdinalUniform_xnjNonNormal,39,4,BebmS,3,0.46991591877972044,0.9910311031103111,110.35606451829274,0.32848484848484855,0.003030976982023042,0.2251655629139073,,,100,100
726,0.21,sn_kjOrdinalUniform_xnjNonNormal,40,4,BebmS,3,0.06797101152106334,0.7108804213754709,77.97973574002584,0.34464646464646465,0.3154505537733267,0.02,,,100,100
726,0.21,sn_kjOrdinalUniform_xnjNonNormal,41,4,BebmS,3,0.1509323270869043,0.9044384438443844,76.19852782885233,0.4004040404040404,0.0005436330393363059,0.17880794701986755,,,100,100
726,0.21,sn_kjOrdinalUniform_xnjNonNormal,42,4,BebmS,3,0.4916003456066733,0.9917725105843918,77.71410880088806,0.40565656565656566,0.005191990487233185,0.5496688741721855,,,100,100
726,0.21,sn_kjOrdinalUniform_xnjNonNormal,43,4,BebmS,3,0.10031698680061107,0.8602366903357003,72.23296903769175,0.4031649831649832,0.002255111776422423,0.0,,,100,100
726,0.21,sn_kjOrdinalUniform_xnjNonNormal,44,4,BebmS,3,0.33108646919452783,0.9801233456679002,69.93179341157277,0.37986531986531985,-0.0015066156492884663,0.09868421052631579,,,100,100
726,0.21,sn_kjOrdinalUniform_xnjNonNormal,45,4,BebmS,3,0.31643576034910076,0.9797286395306197,93.34271415074666,0.32835016835016834,0.005997087335517625,0.10596026490066225,,,100,100
726,0.21,sn_kjOrdinalUniform_xnjNonNormal,46,4,BebmS,3,0.32547905784035025,0.9792725939260593,100.67664964199066,0.35474747474747476,-0.0016272940192047865,0.12582781456953643,,,100,100
726,0.21,sn_kjOrdinalUniform_xnjNonNormal,47,4,BebmS,3,0.32691985216389624,0.981038103810381,71.48413232167562,0.3940740740740741,-0.00040730239565189613,0.1456953642384106,,,100,100
726,0.21,sn_kjOrdinalUniform_xnjNonNormal,48,4,BebmS,3,0.2730942104021948,0.9716398306497317,79.43238062063853,0.382020202020202,-0.00150088316823826,0.36423841059602646,,,100,100
726,0.21,sn_kjOrdinalUniform_xnjNonNormal,49,4,BebmS,3,0.0931126667919798,0.8276280961429476,114.39019436836243,0.35144781144781145,0.049206459743314925,0.12582781456953643,,,100,100
726,0.21,sn_kjOrdinalUniform_xnjNormal,0,3,BebmS,3,0.05459654726079478,0.6467113378004468,69.63088024457296,0.3549494949494949,0.24730275156239578,0.16556291390728478,,,100,100
726,0.21,sn_kjOrdinalUniform_xnjNormal,1,3,BebmS,3,0.36132192480230163,0.982008867553422,77.03083075284958,0.36767676767676766,0.0,0.16556291390728478,,,100,100
726,0.21,sn_kjOrdinalUniform_xnjNormal,2,3,BebmS,3,0.02405985593517799,0.467026702670267,71.15678935050964,0.19292929292929295,0.811823158944649,0.26490066225165565,,,100,100
726,0.21,sn_kjOrdinalUniform_xnjNormal,3,3,BebmS,3,0.39738446882046813,0.9861132779944661,71.56348127126694,0.40350168350168353,0.0,0.0728476821192053,,,100,100
726,0.21,sn_kjOrdinalUniform_xnjNormal,4,3,BebmS,3,0.31740808189206027,0.9797046371303797,76.38689963022868,0.32255892255892255,0.0031055268750624023,0.21333333333333335,,,100,100
726,0.21,sn_kjOrdinalUniform_xnjNormal,5,3,BebmS,3,0.3360909151586847,0.9834570123679035,70.17900862693787,0.3694276094276094,0.0,0.06,,,100,100
726,0.21,sn_kjOrdinalUniform_xnjNormal,6,3,BebmS,3,0.06537157905379427,0.7178117811781178,70.71221050421397,0.2672727272727273,0.5970258455543812,0.13333333333333333,,,100,100
726,0.21,sn_kjOrdinalUniform_xnjNormal,7,3,BebmS,3,0.4694546999060769,0.9897429742974297,77.94703308741252,0.43212121212121213,0.0,0.152317880794702,,,100,100
726,0.21,sn_kjOrdinalUniform_xnjNormal,8,3,BebmS,3,0.09041202406717953,0.837989132246558,70.86707833210627,0.3257912457912458,0.2955383517246193,0.06622516556291391,,,100,100
726,0.21,sn_kjOrdinalUniform_xnjNormal,9,3,BebmS,3,0.21768449972012868,0.9592812614594792,78.69907028277716,0.3814141414141415,0.00038466137130836584,0.10666666666666667,,,100,100
726,0.21,sn_kjOrdinalUniform_xnjNormal,10,3,BebmS,3,0.27352981068601795,0.9775497549754976,270.28072638511657,0.39791245791245794,0.0,0.06666666666666667,,,100,100
726,0.21,sn_kjOrdinalUniform_xnjNormal,11,3,BebmS,3,0.11777430854633339,0.8866740007334066,278.5385175903638,0.32255892255892255,-0.028099519540182,0.033112582781456956,,,100,100
726,0.21,sn_kjOrdinalUniform_xnjNormal,12,3,BebmS,3,0.2395970607511896,0.9598226489315598,71.27303204536437,0.4061952861952862,0.0,0.0,,,100,100
726,0.21,sn_kjOrdinalUniform_xnjNormal,13,3,BebmS,3,0.48732547218927325,0.9912444577791113,69.55782514810562,0.3772390572390572,0.0,0.052980132450331126,,,100,100
726,0.21,sn_kjOrdinalUniform_xnjNormal,14,3,BebmS,3,0.0612728389263546,0.6755142180884756,69.29217786788941,0.21434343434343436,0.7454203070980626,0.059602649006622516,,,100,100
726,0.21,sn_kjOrdinalUniform_xnjNormal,15,3,BebmS,3,0.020706468099005705,0.45272393906057273,74.15199901262919,0.19373737373737374,0.7729545648480469,0.10666666666666667,,,100,100
726,0.21,sn_kjOrdinalUniform_xnjNormal,16,3,BebmS,3,0.12244454540026993,0.8453045304530453,68.64152665535609,0.2351515151515152,0.13162155485724966,0.019867549668874173,,,100,100
726,0.21,sn_kjOrdinalUniform_xnjNormal,17,3,BebmS,3,0.4674279665073051,0.986009267593426,69.03829837242762,0.3908417508417508,0.005767085911310262,0.05333333333333334,,,100,100
726,0.21,sn_kjOrdinalUniform_xnjNormal,18,3,BebmS,3,0.29291103580260885,0.9831929859652632,98.38519725004832,0.3784511784511784,0.0,0.0,,,100,100
726,0.21,sn_kjOrdinalUniform_xnjNormal,19,3,BebmS,3,0.170717166458505,0.9382631596492983,74.27288435300191,0.3436363636363637,0.007564667931462547,0.059602649006622516,,,100,100
726,0.21,sn_kjOrdinalUniform_xnjNormal,20,3,BebmS,3,0.3442895483991134,0.9808194152748608,69.57488684256872,0.3985858585858586,-0.0005442595461325186,0.046357615894039736,,,100,100
726,0.21,sn_kjOrdinalUniform_xnjNormal,21,3,BebmS,3,0.2844711524786974,0.9761656165616561,69.52862239678701,0.4433670033670034,0.0006760328139975248,0.18666666666666668,,,100,100
726,0.21,sn_kjOrdinalUniform_xnjNormal,22,3,BebmS,3,0.45770086535260596,0.9906603993732707,73.10122479597727,0.3880808080808081,0.0,0.08609271523178808,,,100,100
726,0.21,sn_kjOrdinalUniform_xnjNormal,23,3,BebmS,3,0.31488843183765197,0.9777577757775777,80.31528375943502,0.3771717171717171,-0.00024496093349019824,0.09933774834437085,,,100,100
726,0.21,sn_kjOrdinalUniform_xnjNormal,24,3,BebmS,3,0.04298950212055503,0.5037743774377438,77.17557508945465,0.20175084175084176,0.6219420983145896,0.02666666666666667,,,100,100
726,0.21,sn_kjOrdinalUniform_xnjNormal,25,3,BebmS,3,0.44073716236688076,0.9908790879087909,69.59298235177994,0.4016161616161616,0.0,0.039735099337748346,,,100,100
726,0.21,sn_kjOrdinalUniform_xnjNormal,26,3,BebmS,3,0.4398001105734109,0.9912071207120712,91.8003301024437,0.38673400673400676,0.0,0.09333333333333334,,,100,100
726,0.21,sn_kjOrdinalUniform_xnjNormal,27,3,BebmS,3,0.34217402108283845,0.9786778677867787,83.66460731029511,0.3842424242424243,0.0,0.0,,,100,100
726,0.21,sn_kjOrdinalUniform_xnjNormal,28,3,BebmS,3,0.4241351573695359,0.987948128146148,69.55943878889084,0.38080808080808076,0.0,0.039735099337748346,,,100,100
726,0.21,sn_kjOrdinalUniform_xnjNormal,29,3,BebmS,3,0.48522089356492354,0.992001866853352,72.14701795180639,0.4101683501683502,0.0,0.0,,,100,100
726,0.21,sn_kjOrdinalUniform_xnjNormal,30,3,BebmS,3,0.1805935069446942,0.9418795212854619,91.29641595681508,0.35481481481481475,-0.03952939819143677,0.09868421052631579,,,100,100
726,0.21,sn_kjOrdinalUniform_xnjNormal,31,3,BebmS,3,0.1512098530683621,0.8873033970063673,70.60460125207901,0.3065993265993266,0.0280278710588889,0.19205298013245034,,,100,100
726,0.21,sn_kjOrdinalUniform_xnjNormal,32,3,BebmS,3,0.38290525773958467,0.9876974364103077,76.6550949772199,0.3906397306397307,0.0,0.07333333333333333,,,100,100
726,0.21,sn_kjOrdinalUniform_xnjNormal,33,3,BebmS,3,0.2131922583467445,0.9546434643464347,85.71190809011459,0.41104377104377104,0.0,0.0,,,100,100
726,0.21,sn_kjOrdinalUniform_xnjNormal,34,3,BebmS,3,0.45428138683079955,0.9905403873720705,76.5345560948054,0.38626262626262625,0.0,0.12,,,100,100
726,0.21,sn_kjOrdinalUniform_xnjNormal,35,3,BebmS,3,0.10423281215869247,0.8304870487048704,70.00535355011623,0.4479461279461279,0.0,0.006666666666666667,,,100,100
726,0.21,sn_kjOrdinalUniform_xnjNormal,36,3,BebmS,3,0.09833652117926038,0.8227156048938227,141.43549480835597,0.35259259259259257,0.004932305067796607,0.07947019867549669,,,100,100
726,0.21,sn_kjOrdinalUniform_xnjNormal,37,3,BebmS,3,0.2123207482440264,0.9522992299229923,92.20607891480128,0.3911784511784511,0.00021013216984098226,0.039735099337748346,,,100,100
726,0.21,sn_kjOrdinalUniform_xnjNormal,38,3,BebmS,3,0.024526884611962403,0.38944827816114946,93.42851480642955,0.16720538720538722,0.8617020059231293,0.026490066225165563,,,100,100
726,0.21,sn_kjOrdinalUniform_xnjNormal,39,3,BebmS,3,0.07117903370482957,0.7430756408974231,124.8321772535642,0.3456565656565656,0.09801734148644474,0.019867549668874173,,,100,100
726,0.21,sn_kjOrdinalUniform_xnjNormal,40,3,BebmS,3,0.24554256706360836,0.9693356002266893,93.11202742656072,0.43245791245791243,0.0,0.033112582781456956,,,100,100
726,0.21,sn_kjOrdinalUniform_xnjNormal,41,3,BebmS,3,0.15737973814672043,0.9223042304230423,90.46560907363892,0.32821548821548824,-0.00022560109579510527,0.1390728476821192,,,100,100
726,0.21,sn_kjOrdinalUniform_xnjNormal,42,3,BebmS,3,0.16474435698607143,0.9340360702736941,73.24891435305277,0.4076767676767677,0.0006320272910258907,0.0,,,100,100
726,0.21,sn_kjOrdinalUniform_xnjNormal,43,3,BebmS,3,0.20670756625657805,0.9385938593859386,69.48308043479919,0.4376430976430976,0.002717259988500901,0.17218543046357615,,,100,100
726,0.21,sn_kjOrdinalUniform_xnjNormal,44,3,BebmS,3,0.2672551789035824,0.9721785511884522,70.43970209757487,0.36868686868686873,0.0,0.07333333333333333,,,100,100
726,0.21,sn_kjOrdinalUniform_xnjNormal,45,3,BebmS,3,0.36315153468731076,0.987958795879588,69.72000168561935,0.4169023569023569,0.0,0.10596026490066225,,,100,100
726,0.21,sn_kjOrdinalUniform_xnjNormal,46,3,BebmS,3,0.2772913417099289,0.9748801546821348,73.05792150894801,0.3709090909090909,0.0,0.17333333333333334,,,100,100
726,0.21,sn_kjOrdinalUniform_xnjNormal,47,3,BebmS,3,0.28645657761910664,0.9701063439677301,75.59894840319951,0.3659932659932659,0.0,0.019867549668874173,,,100,100
726,0.21,sn_kjOrdinalUniform_xnjNormal,48,3,BebmS,3,0.31849488388601294,0.9762349568290163,105.13597295681636,0.40821548821548825,0.0,0.21333333333333335,,,100,100
726,0.21,sn_kjOrdinalUniform_xnjNormal,49,3,BebmS,3,0.3461142617503745,0.9819075240857419,107.97915515899658,0.37144781144781147,0.0,0.02,,,100,100
726,0.21,xiNearNormalWithNoise_kjContinuousBeta_sigmoid,0,8,BebmS,3,0.034264955409661256,0.568023469013568,69.56550627946854,0.32316498316498316,0.2254530928807316,0.0,,,100,100
726,0.21,xiNearNormalWithNoise_kjContinuousBeta_sigmoid,1,8,BebmS,3,0.2540313177155187,0.9713758042470914,69.72914917866389,0.3673400673400673,0.011970793309998382,0.24503311258278146,,,100,100
726,0.21,xiNearNormalWithNoise_kjContinuousBeta_sigmoid,2,8,BebmS,3,0.2118403906601425,0.9531179784645131,69.3292035539945,0.36424242424242426,-0.0010248064870539292,0.0,,,100,100
726,0.21,xiNearNormalWithNoise_kjContinuousBeta_sigmoid,3,8,BebmS,3,0.056475558457140966,0.6058085808580858,73.7364083568255,0.32801346801346803,0.23036384098626586,0.033112582781456956,,,100,100
726,0.21,xiNearNormalWithNoise_kjContinuousBeta_sigmoid,4,8,BebmS,3,0.2603721719955372,0.9702663599693303,69.34479219913483,0.3756228956228956,0.0,0.033112582781456956,,,100,100
726,0.21,xiNearNormalWithNoise_kjContinuousBeta_sigmoid,5,8,BebmS,3,0.376833705360944,0.9824889155582225,69.24403292735418,0.3878787878787879,0.0,0.0,,,100,100
726,0.21,xiNearNormalWithNoise_kjContinuousBeta_sigmoid,6,8,BebmS,3,0.3387719614095265,0.9823422342234224,98.49354725281397,0.39690235690235687,0.0,0.03333333333333333,,,100,100
726,0.21,xiNearNormalWithNoise_kjContinuousBeta_sigmoid,7,8,BebmS,3,0.10793278749697019,0.8528679534620128,71.70245199203491,0.3665319865319865,0.0015033112434057066,0.0,,,100,100
726,0.21,xiNearNormalWithNoise_kjContinuousBeta_sigmoid,8,8,BebmS,3,0.1494403853300034,0.9089215588225489,72.35683546066284,0.3874074074074074,0.005747155890273273,0.12582781456953643,,,100,100
726,0.21,xiNearNormalWithNoise_kjContinuousBeta_sigmoid,9,8,BebmS,3,0.35832196084032986,0.9831289795646231,89.99578485886256,0.3524579124579125,-0.0007359975716441223,0.0728476821192053,,,100,100
726,0.21,xiNearNormalWithNoise_kjContinuousBeta_sigmoid,10,8,BebmS,3,0.024507640662180467,0.38024735806914023,74.01775100628535,0.32154882154882153,0.4091784546005598,0.0,,,100,100
726,0.21,xiNearNormalWithNoise_kjContinuousBeta_sigmoid,11,8,BebmS,3,0.46966363543108747,0.9889642297563089,67.78594799439112,0.3750841750841751,-0.0003734138033981698,0.08666666666666667,,,100,100
726,0.21,xiNearNormalWithNoise_kjContinuousBeta_sigmoid,12,8,BebmS,3,0.13976668573309317,0.9183304997166384,100.08479493459066,0.3602020202020202,-0.019483991120745444,0.0,,,100,100
726,0.21,xiNearNormalWithNoise_kjContinuousBeta_sigmoid,13,8,BebmS,3,0.4642351173062687,0.9882414908157482,69.35675968329112,0.384983164983165,-0.013196527158234939,0.0,,,100,100
726,0.21,xiNearNormalWithNoise_kjContinuousBeta_sigmoid,14,8,BebmS,3,0.2855022864876556,0.9705330533053306,97.57882298231125,0.39346801346801347,0.0,0.033112582781456956,,,100,100
726,0.21,xiNearNormalWithNoise_kjContinuousBeta_sigmoid,15,8,BebmS,3,0.42427773799309193,0.9907750775077507,77.9491904536883,0.390976430976431,0.0,0.13245033112582782,,,100,100
726,0.21,xiNearNormalWithNoise_kjContinuousBeta_sigmoid,16,8,BebmS,3,0.14112883423523384,0.9092842617595093,69.30273763736089,0.4020875420875421,0.0006065205591939491,0.0,,,100,100
726,0.21,xiNearNormalWithNoise_kjContinuousBeta_sigmoid,17,8,BebmS,3,0.2777463504469295,0.9705623895722906,82.2373028198878,0.4065319865319865,0.0,0.033112582781456956,,,100,100
726,0.21,xiNearNormalWithNoise_kjContinuousBeta_sigmoid,18,8,BebmS,3,0.24339447556841187,0.965937927126046,83.02221877972285,0.3707744107744108,0.0008857055453495654,0.0,,,100,100
726,0.21,xiNearNormalWithNoise_kjContinuousBeta_sigmoid,19,8,BebmS,3,0.4957934674566642,0.9902523585691902,69.23738881349564,0.34855218855218856,-0.0011260277891249608,0.0,,,100,100
726,0.21,xiNearNormalWithNoise_kjContinuousBeta_sigmoid,20,8,BebmS,3,0.2583822521889535,0.9706744007734107,98.49435170094172,0.3967676767676768,0.0,0.013245033112582781,,,100,100
726,0.21,xiNearNormalWithNoise_kjContinuousBeta_sigmoid,21,8,BebmS,3,0.12963985874666464,0.9076600993432676,70.37595858176549,0.39164983164983164,0.0,0.013245033112582781,,,100,100
726,0.21,xiNearNormalWithNoise_kjContinuousBeta_sigmoid,22,8,BebmS,3,0.4964820512247162,0.9925672567256726,77.2230691989263,0.3738047138047138,0.0,0.0,,,100,100
726,0.21,xiNearNormalWithNoise_kjContinuousBeta_sigmoid,23,8,BebmS,3,0.1856041789376405,0.9449198253158649,73.49280343850454,0.3708417508417508,0.0032533687972169925,0.0,,,100,100
726,0.21,xiNearNormalWithNoise_kjContinuousBeta_sigmoid,24,8,BebmS,3,0.03621584802585227,0.53000900090009,69.5221509695053,0.39494949494949494,0.01333427796086726,0.0,,,100,100
726,0.21,xiNearNormalWithNoise_kjContinuousBeta_sigmoid,25,8,BebmS,3,0.31175901972760817,0.9771043771043771,69.29046367804209,0.44383838383838387,0.0,0.24342105263157895,,,100,100
726,0.21,xiNearNormalWithNoise_kjContinuousBeta_sigmoid,26,8,BebmS,3,0.4063593232100832,0.9882974964163083,83.81588381528854,0.38148148148148153,-0.0029535360068010494,0.052980132450331126,,,100,100
726,0.21,xiNearNormalWithNoise_kjContinuousBeta_sigmoid,27,8,BebmS,3,0.048844388152229724,0.608934226756009,91.13292459646861,0.2721885521885522,0.42630725252100843,0.0,,,100,100
726,0.21,xiNearNormalWithNoise_kjContinuousBeta_sigmoid,28,8,BebmS,3,0.11745150601520757,0.8494196086275294,76.55203736225764,0.33865319865319865,0.2184384655368707,0.152317880794702,,,100,100
726,0.21,xiNearNormalWithNoise_kjContinuousBeta_sigmoid,29,8,BebmS,3,0.10374435679651653,0.8611327799446611,75.53191922505697,0.3404040404040403,0.024253418722054155,0.013245033112582781,,,100,100
726,0.21,xiNearNormalWithNoise_kjContinuousBeta_sigmoid,30,8,BebmS,3,0.04532523073010703,0.5485361869520285,87.89638421932857,0.2694949494949495,0.441851469335988,0.1,,,100,100
726,0.21,xiNearNormalWithNoise_kjContinuousBeta_sigmoid,31,8,BebmS,3,0.23236526437298533,0.9624842484248425,79.31097194751104,0.41117845117845125,0.0,0.6556291390728477,,,100,100
726,0.21,xiNearNormalWithNoise_kjContinuousBeta_sigmoid,32,8,BebmS,3,0.054653403982956726,0.6424415774910824,69.39917594989141,0.2993939393939394,0.30177530379148737,0.08609271523178808,,,100,100
726,0.21,xiNearNormalWithNoise_kjContinuousBeta_sigmoid,33,8,BebmS,3,0.43555289796504804,0.9903590359035903,69.2124409198761,0.3590572390572391,0.0,0.0,,,100,100
726,0.21,xiNearNormalWithNoise_kjContinuousBeta_sigmoid,34,8,BebmS,3,0.4585580451247799,0.9912337900456712,76.20685194730758,0.4068686868686869,6.579643005504503e-05,0.0,,,100,100
726,0.21,xiNearNormalWithNoise_kjContinuousBeta_sigmoid,35,8,BebmS,3,0.3187717303613717,0.98004067073374,76.34541345834732,0.3997979797979798,0.0,0.033112582781456956,,,100,100
726,0.21,xiNearNormalWithNoise_kjContinuousBeta_sigmoid,36,8,BebmS,3,0.3677188490188875,0.9856518985231857,69.13963756561279,0.41717171717171714,0.00044947623369901,0.0,,,100,100
726,0.21,xiNearNormalWithNoise_kjContinuousBeta_sigmoid,37,8,BebmS,3,0.1856673566801307,0.9444264426442645,75.72401695251465,0.38074074074074077,0.004605964458879962,0.019867549668874173,,,100,100
726,0.21,xiNearNormalWithNoise_kjContinuousBeta_sigmoid,38,8,BebmS,3,0.3410032265819153,0.9828276160949428,99.83700009187062,0.3767676767676768,0.0,0.0,,,100,100
726,0.21,xiNearNormalWithNoise_kjContinuousBeta_sigmoid,39,8,BebmS,3,0.08689601682621027,0.7882614928159483,96.20243059396743,0.38713804713804717,0.0018191958248852877,0.0,,,100,100
726,0.21,xiNearNormalWithNoise_kjContinuousBeta_sigmoid,40,8,BebmS,3,0.2878103743178563,0.9752215221522152,100.88518359263738,0.41468013468013476,0.0,0.046357615894039736,,,100,100
726,0.21,xiNearNormalWithNoise_kjContinuousBeta_sigmoid,41,8,BebmS,3,0.061017057352382165,0.6638810547721439,74.29029218753179,0.2752188552188552,0.5247468136388688,0.0,,,100,100
726,0.21,xiNearNormalWithNoise_kjContinuousBeta_sigmoid,42,8,BebmS,3,0.373343816703212,0.9844357769110245,70.21743277311325,0.38713804713804717,0.0,0.0,,,100,100
726,0.21,xiNearNormalWithNoise_kjContinuousBeta_sigmoid,43,8,BebmS,3,0.4499853869468292,0.9912257892455912,79.7267413576444,0.36040404040404034,0.00033529874891649017,0.0728476821192053,,,100,100
726,0.21,xiNearNormalWithNoise_kjContinuousBeta_sigmoid,44,8,BebmS,3,0.05970621577525817,0.6377717771777178,102.43414776325226,0.3435690235690236,0.25959582380754576,0.046052631578947366,,,100,100
726,0.21,xiNearNormalWithNoise_kjContinuousBeta_sigmoid,45,8,BebmS,3,0.1766599756525158,0.9347481414808148,79.62882735331853,0.3595959595959595,0.0,0.033112582781456956,,,100,100
726,0.21,xiNearNormalWithNoise_kjContinuousBeta_sigmoid,46,8,BebmS,3,0.09064099588909233,0.8083968396839684,73.40635845263799,0.34309764309764307,-0.0010003174638306656,0.0,,,100,100
726,0.21,xiNearNormalWithNoise_kjContinuousBeta_sigmoid,47,8,BebmS,3,0.09944277128855485,0.8576817681768176,79.33334252436956,0.36006734006734004,-0.00878053307709239,0.0,,,100,100
726,0.21,xiNearNormalWithNoise_kjContinuousBeta_sigmoid,48,8,BebmS,3,0.4715245166484736,0.9903110311031104,281.135527296861,0.37488215488215487,0.0,0.03289473684210526,,,100,100
726,0.21,xiNearNormalWithNoise_kjContinuousBeta_sigmoid,49,8,BebmS,3,0.3520181423035246,0.9801100110011001,269.20088518857955,0.4084175084175084,0.0,0.09333333333333334,,,100,100
726,0.21,xiNearNormalWithNoise_kjContinuousBeta_xnjNormal,0,9,BebmS,3,0.04797230721602868,0.5935380204687135,69.48025570313136,0.2828282828282828,0.5570680036841029,0.02666666666666667,,,100,100
726,0.21,xiNearNormalWithNoise_kjContinuousBeta_xnjNormal,1,9,BebmS,3,0.30686983031999254,0.972917291729173,69.47099684874216,0.41905723905723913,0.0,0.06622516556291391,,,100,100
726,0.21,xiNearNormalWithNoise_kjContinuousBeta_xnjNormal,2,9,BebmS,3,0.20154794515017485,0.9559662632929959,69.78814044793447,0.3704377104377105,0.015876486145890774,0.0,,,100,100
726,0.21,xiNearNormalWithNoise_kjContinuousBeta_xnjNormal,3,9,BebmS,3,0.38756994787024773,0.9897776444311098,71.96998943487803,0.35892255892255887,0.0,0.033112582781456956,,,100,100
726,0.21,xiNearNormalWithNoise_kjContinuousBeta_xnjNormal,4,9,BebmS,3,0.44842369814570676,0.9898123145647898,69.77228904565176,0.3564309764309764,0.0,0.04666666666666667,,,100,100
726,0.21,xiNearNormalWithNoise_kjContinuousBeta_xnjNormal,5,9,BebmS,3,0.037007584692500844,0.5267660099343268,80.40854045152665,0.19656565656565653,0.49834219033182353,0.026490066225165563,,,100,100
726,0.21,xiNearNormalWithNoise_kjContinuousBeta_xnjNormal,6,9,BebmS,3,0.023635715431358298,0.34365436543654365,88.77744936943054,0.2639057239057239,0.3919961569294978,0.0,,,100,100
726,0.21,xiNearNormalWithNoise_kjContinuousBeta_xnjNormal,7,9,BebmS,3,0.4827274897355393,0.9914471447144715,77.98511755863825,0.36794612794612797,0.0010115476463330197,0.0,,,100,100
726,0.21,xiNearNormalWithNoise_kjContinuousBeta_xnjNormal,8,9,BebmS,3,0.10670482280830568,0.8411334466780012,74.83648026784262,0.3445791245791246,0.01800585243958324,0.15894039735099338,,,100,100
726,0.21,xiNearNormalWithNoise_kjContinuousBeta_xnjNormal,9,9,BebmS,3,0.3725013051714338,0.9875267526752676,75.28900436957677,0.3786531986531987,0.0,0.013245033112582781,,,100,100
726,0.21,xiNearNormalWithNoise_kjContinuousBeta_xnjNormal,10,9,BebmS,3,0.19071758537872796,0.9513044637797113,69.66238249937693,0.39265993265993265,0.0,0.0,,,100,100
726,0.21,xiNearNormalWithNoise_kjContinuousBeta_xnjNormal,11,9,BebmS,3,0.4386305420487385,0.9884015068173484,76.74493358532588,0.3943434343434343,0.0,0.0,,,100,100
726,0.21,xiNearNormalWithNoise_kjContinuousBeta_xnjNormal,12,9,BebmS,3,0.08074352382400897,0.7968196819681969,72.4207300066948,0.3981818181818182,-0.003830603317089724,0.09868421052631579,,,100,100
726,0.21,xiNearNormalWithNoise_kjContinuousBeta_xnjNormal,13,9,BebmS,3,0.3158247692386685,0.9775284195086176,69.77370805342993,0.3567676767676768,0.0,0.0,,,100,100
726,0.21,xiNearNormalWithNoise_kjContinuousBeta_xnjNormal,14,9,BebmS,3,0.27901793876119424,0.9736720338700536,77.26102250019709,0.401952861952862,0.0,0.052980132450331126,,,100,100
726,0.21,xiNearNormalWithNoise_kjContinuousBeta_xnjNormal,15,9,BebmS,3,0.26649421394985473,0.9686555322198886,89.37303694486619,0.3627609427609428,0.0,0.0,,,100,100
726,0.21,xiNearNormalWithNoise_kjContinuousBeta_xnjNormal,16,9,BebmS,3,0.29903654795936,0.9768563523018968,77.48353715340296,0.3577104377104377,0.0,0.0,,,100,100
726,0.21,xiNearNormalWithNoise_kjContinuousBeta_xnjNormal,17,9,BebmS,3,0.4285770704636748,0.9868920225355869,76.31800957123438,0.36377104377104374,0.0,0.0,,,100,100
726,0.21,xiNearNormalWithNoise_kjContinuousBeta_xnjNormal,18,9,BebmS,3,0.49319474449296075,0.9922392239223923,69.55980160236359,0.3812794612794613,0.001283633242954609,0.033112582781456956,,,100,100
726,0.21,xiNearNormalWithNoise_kjContinuousBeta_xnjNormal,19,9,BebmS,3,0.31462026168387963,0.9830916424975831,69.16505065361659,0.3832323232323232,0.0,0.07236842105263158,,,100,100
726,0.21,xiNearNormalWithNoise_kjContinuousBeta_xnjNormal,20,9,BebmS,3,0.20924803967941616,0.9514218088475515,72.65779653787612,0.3749494949494949,0.0,0.0,,,100,100
726,0.21,xiNearNormalWithNoise_kjContinuousBeta_xnjNormal,21,9,BebmS,3,0.29453740633618103,0.9737040370703737,69.27898757060369,0.3809427609427609,7.983377380082763e-06,0.02631578947368421,,,100,100
726,0.21,xiNearNormalWithNoise_kjContinuousBeta_xnjNormal,22,9,BebmS,3,0.0985599368832378,0.7895149514951495,75.22535815238953,0.3313131313131313,0.19244305227613276,0.06622516556291391,,,100,100
726,0.21,xiNearNormalWithNoise_kjContinuousBeta_xnjNormal,23,9,BebmS,3,0.01596107145620779,0.41251191785845254,69.3532621105512,0.30882154882154883,0.40291928092352874,0.052980132450331126,,,100,100
726,0.21,xiNearNormalWithNoise_kjContinuousBeta_xnjNormal,24,9,BebmS,3,0.04284353900901006,0.5252671933860052,70.37350416580836,0.2276767676767677,0.6512232462269105,0.0,,,100,100
726,0.21,xiNearNormalWithNoise_kjContinuousBeta_xnjNormal,25,9,BebmS,3,0.27574025719015866,0.9751095109510951,77.68482257525126,0.383973063973064,0.005588320956698389,0.059602649006622516,,,100,100
726,0.21,xiNearNormalWithNoise_kjContinuousBeta_xnjNormal,26,9,BebmS,3,0.48250244859177854,0.9897776444311098,75.4340365211169,0.3793265993265993,0.0,0.019867549668874173,,,100,100
726,0.21,xiNearNormalWithNoise_kjContinuousBeta_xnjNormal,27,9,BebmS,3,0.31149477263880476,0.9793099309930993,85.45204159418742,0.31016835016835015,0.02993222347660524,0.09933774834437085,,,100,100
726,0.21,xiNearNormalWithNoise_kjContinuousBeta_xnjNormal,28,9,BebmS,3,0.1492437987160215,0.8882688268826883,77.81204768419266,0.41023569023569023,-1.299922520794459e-05,0.11920529801324503,,,100,100
726,0.21,xiNearNormalWithNoise_kjContinuousBeta_xnjNormal,29,9,BebmS,3,0.33479713199457767,0.9813074640797413,86.28518164157867,0.3520538720538721,0.0,0.019867549668874173,,,100,100
726,0.21,xiNearNormalWithNoise_kjContinuousBeta_xnjNormal,30,9,BebmS,3,0.40079319614956127,0.985963929726306,83.64719452063242,0.36606060606060603,0.0,0.08552631578947369,,,100,100
726,0.21,xiNearNormalWithNoise_kjContinuousBeta_xnjNormal,31,9,BebmS,3,0.3779015654579177,0.9816194952828616,69.4551555633545,0.3843097643097642,0.005233881388547591,0.046357615894039736,,,100,100
726,0.21,xiNearNormalWithNoise_kjContinuousBeta_xnjNormal,32,9,BebmS,3,0.09941663941322726,0.8348821548821549,75.24402998288473,0.296026936026936,0.1520891010584688,0.0,,,100,100
726,0.21,xiNearNormalWithNoise_kjContinuousBeta_xnjNormal,33,9,BebmS,3,0.14637643973235687,0.9004300430043004,75.62966792583465,0.37427609427609426,0.004373335735441842,0.0,,,100,100
726,0.21,xiNearNormalWithNoise_kjContinuousBeta_xnjNormal,34,9,BebmS,3,0.1696731178432948,0.9131833183318332,109.34965777397156,0.41979797979797984,0.0,0.0,,,100,100
726,0.21,xiNearNormalWithNoise_kjContinuousBeta_xnjNormal,35,9,BebmS,3,0.4019267377864496,0.9882201553488682,69.71495433648427,0.36599326599326604,0.0,0.0,,,100,100
726,0.21,xiNearNormalWithNoise_kjContinuousBeta_xnjNormal,36,9,BebmS,3,0.4093314403590327,0.9891775844251092,74.02835391362508,0.3572390572390572,0.0,0.026490066225165563,,,100,100
726,0.21,xiNearNormalWithNoise_kjContinuousBeta_xnjNormal,37,9,BebmS,3,0.3349331218784004,0.9837903790379038,108.83485536972681,0.33286195286195286,0.0,0.0,,,100,100
726,0.21,xiNearNormalWithNoise_kjContinuousBeta_xnjNormal,38,9,BebmS,3,0.08727398662124713,0.8125999266593326,69.76194724639257,0.3507744107744108,0.0675105486182161,0.046052631578947366,,,100,100
726,0.21,xiNearNormalWithNoise_kjContinuousBeta_xnjNormal,39,9,BebmS,3,0.39355825500951813,0.9829209587625429,82.64305853446325,0.38343434343434346,0.0,0.0,,,100,100
726,0.21,xiNearNormalWithNoise_kjContinuousBeta_xnjNormal,40,9,BebmS,3,0.42510403308313977,0.9882361569490282,75.15958826939264,0.3542087542087542,0.0,0.0,,,100,100
726,0.21,xiNearNormalWithNoise_kjContinuousBeta_xnjNormal,41,9,BebmS,3,0.12622717884364876,0.897960462712938,71.1817090789477,0.3591245791245791,0.0,0.026490066225165563,,,100,100
726,0.21,xiNearNormalWithNoise_kjContinuousBeta_xnjNormal,42,9,BebmS,3,0.3096640154302122,0.9748321498816548,69.36783312161764,0.40101010101010104,0.0,0.02666666666666667,,,100,100
726,0.21,xiNearNormalWithNoise_kjContinuousBeta_xnjNormal,43,9,BebmS,3,0.05560827258801341,0.6135533553355336,73.13277782201767,0.27218855218855215,0.6117080077727998,0.006622516556291391,,,100,100
726,0.21,xiNearNormalWithNoise_kjContinuousBeta_xnjNormal,44,9,BebmS,3,0.32986677120666125,0.9825155848918226,76.38703657786051,0.36013468013468014,0.0019313200744815592,0.02,,,100,100
726,0.21,xiNearNormalWithNoise_kjContinuousBeta_xnjNormal,45,9,BebmS,3,0.054005633687655354,0.6043257659099244,73.79566215276718,0.3802693602693603,0.00455440747630569,0.0,,,100,100
726,0.21,xiNearNormalWithNoise_kjContinuousBeta_xnjNormal,46,9,BebmS,3,0.03658639588355869,0.46645064506450645,92.53687790234883,0.21952861952861955,0.41280693712834055,0.0,,,100,100
726,0.21,xiNearNormalWithNoise_kjContinuousBeta_xnjNormal,47,9,BebmS,3,0.3205667975571008,0.9788698869886989,92.41534871260325,0.3793939393939394,0.0,0.0,,,100,100
726,0.21,xiNearNormalWithNoise_kjContinuousBeta_xnjNormal,48,9,BebmS,3,0.16237752507780479,0.9314198086475314,239.6448061347008,0.383030303030303,0.0,0.013245033112582781,,,100,100
726,0.21,xiNearNormalWithNoise_kjContinuousBeta_xnjNormal,49,9,BebmS,3,0.4185602596038645,0.9863079641297463,90.79829603433609,0.32707070707070707,0.004614202168322415,0.046357615894039736,,,100,100
